2.1,1,1.4016021134821699e-05,191,67956.4577486168,947.1803668737411,0.006816212240027042
2.1,1,0.00013422542666496895,183,67968.19324597083,951.788933634758,0.002695251256311426
2.1,1,2.0802665981367596e-05,44,68130.32825781815,946.4971237182617,0.004014827406763288
2.1,1,1.5330579436145797e-05,92,67985.70967340595,945.142193198204,-0.0101326172371774
2.1,1,5.253743764122021e-05,158,67890.42283233561,947.5498342514038,0.0009034483262464477
2.1,1,7.418378335843911e-05,42,68083.44513006402,947.3219365477562,0.0015280426153809756
2.1,1,0.0004204418153173073,134,68116.48262152525,946.3504646420479,0.006941153422157065
2.1,1,2.6607723369043157e-05,62,68116.39966915075,946.899860560894,0.00781318991440516
2.1,1,0.00010420093804386354,142,67967.84190354242,946.6166433095932,0.005111203283798993
2.1,1,4.938689262967699e-05,92,68047.62879336135,948.28888630867,0.008043077531298959
2.1,1,0.00010621741474370339,135,67981.93030720434,943.1034966111183,-0.0027796662104080383
2.1,1,4.5845989677051335e-05,104,68058.91206842463,950.6506150960922,0.006982421753119805
2.1,1,0.00021656674379633145,154,68117.26270790088,945.2492274045944,0.00788288072742338
2.1,1,0.00012501876022907865,141,68193.41418697602,945.2808309793472,0.0077443481408909776
2.1,1,5.8560700691767664e-05,177,68028.15726543294,944.166055187583,0.007753761888753097
2.1,1,8.26956685910929e-05,199,67983.78941052125,945.0093139410019,0.004027057630864306
2.1,1,0.00021886065282838985,72,67963.32201479572,949.2522096633911,0.010493029249546204
2.1,1,7.200214913627434e-06,151,68089.74922145694,944.9146505594254,0.004847650799865377
2.1,1,8.976727891685243e-06,197,67979.50278935306,947.4563148021698,0.00580417013872081
2.1,1,0.00012889358906997828,195,68178.11620523018,945.846361219883,0.007777216689647037
2.1,1,0.0003221178474928088,157,68204.28160964843,946.1671870946884,-0.0005144608283349505
2.1,1,2.582271935658298e-05,194,68130.51428023429,948.3645635843277,0.0038835690726686245
2.1,1,9.887860095636469e-05,74,68054.15171231079,948.0339496135712,0.0037533565879335207
2.1,1,3.803398541091241e-05,129,67978.68376029775,947.9579755067825,-0.001265722481404108
2.1,1,0.00016826186115670438,176,67959.40450140573,950.548735499382,0.007116869421589289
2.1,1,0.00013497217388103167,83,67981.63228610686,947.5003638267517,0.005508152353154383
2.1,1,0.00013754943106869533,71,68128.81054861977,943.7482691705227,0.001371908286862844
2.1,1,2.5696678114250915e-05,192,68048.39731181141,944.8476963937283,0.010760925862198789
2.1,1,0.00012807092212652194,142,68128.65478546379,945.7549308538437,0.008262152955203383
2.1,1,1.0632963963530528e-05,48,68143.45066346801,946.239664375782,0.0070998710282337285
2.1,1,4.612692989880429e-05,57,68048.04097430018,946.0853842496872,0.008936745057454676
2.1,1,3.4301169143713395e-05,94,68123.20446796366,943.7847133874893,0.007381732819629061
2.1,1,5.798148360369737e-05,187,68138.93085453795,944.7331587076187,0.0019320066013222004
2.1,1,2.5055444500043933e-05,111,67944.29090899773,949.6101639270782,0.00694020452860844
2.1,1,1.2763803352466851e-05,134,68025.16655942747,946.5234895944595,0.005760875924109676
2.1,1,5.903656559080872e-05,91,68136.61693193852,942.5493111610413,0.0044768597934097265
2.1,1,1.1172311734863882e-05,138,68033.17267109411,944.6834391355515,-0.0005364643244312184
2.1,1,2.0269653131510523e-05,73,68290.1836802857,941.7055838108063,0.005254312443892406
2.1,1,0.000109336026777207,200,68083.64784175662,942.1312644481659,0.000109336026777207
2.1,1,0.0002442854408486461,98,68024.9378218023,948.5454617738724,-0.000837100517311562
2.1,1,5.976842967392315e-05,117,67964.08184310683,948.5419197678566,0.010377933576558362
2.1,1,9.999783305003618e-05,109,68252.08153883385,942.3206513226032,0.0060049887208339925
2.1,1,7.988026781591273e-05,69,68004.8716779537,948.903929233551,0.000493673557923735
2.1,1,0.0002328249745335853,51,68021.8433076572,947.8006722927094,0.0032999991919702154
2.1,1,1.1653305914460788e-05,183,68064.03404555346,945.7625087499619,0.010625269297138473
2.1,1,9.373073687157785e-05,168,68174.55771695638,945.6451096832752,0.006679777884068816
2.1,1,1.3861657399694138e-06,165,68031.74485723839,947.3409966230392,0.0009457428428349957
2.1,1,7.980998520507043e-05,114,68083.31672224302,945.2502644062042,0.007563999148517908
2.1,1,0.0001126258236117117,195,68138.58145012136,946.034833908081,0.008101025879194257
2.1,1,1.375050742158379e-06,62,67996.67844400431,946.6326618492603,0.00663951046162925
2.1,1,7.496052941702303e-05,79,68183.26903201758,946.4539222717285,-0.006453505262070891
2.1,1,1.4126979260620232e-05,55,68096.32910743772,944.6901375055313,0.007341992472514214
2.1,1,8.317883915154312e-05,125,68142.05610004786,949.0372337698936,0.004674652267125712
2.1,1,4.064578945861541e-06,163,68050.79523097361,947.4906306266785,0.0027408069287786496
2.1,1,0.00011469179945011732,54,67963.73300101297,946.8295178413391,0.0008379413917305456
2.1,1,9.781653441365279e-05,140,68060.24036206145,945.8954676389694,-0.0010914679820310802
2.1,1,0.00017625078018168594,174,68108.94905259332,946.1158572435379,0.007386441030614144
2.1,1,0.00013232778338245765,76,68093.42070271312,948.2210400104523,0.0004830083284832476
2.1,1,6.426064405573584e-05,72,68084.40762024003,947.7263922691345,0.006900197442115008
2.1,1,1.9163079154616014e-06,144,68099.0280276671,947.1317809820175,-1.1094363000729857e-05
2.1,1,2.9649970616052457e-05,145,68034.86120446443,947.9159543514252,0.004232569172650358
2.1,1,7.498258552285364e-06,146,68053.83951716771,948.4354566335678,0.008111798182379726
2.1,1,9.148039968609467e-05,90,68159.85896821728,944.6428553760052,0.002875494422267977
2.1,1,5.503670125417415e-06,45,68228.28053772778,942.8554711546749,0.002616906576060174
2.1,1,3.2663510202368684e-05,137,68061.02589617373,949.3899794220924,0.005575006387805281
2.1,1,3.620239487789334e-05,54,68052.59662931881,943.6505298614502,0.006167596293563449
2.1,1,1.7090612857817433e-05,182,67988.27126904634,946.5195958614349,0.0041784926899715025
2.1,1,0.0001561402946808066,156,68182.77675759274,944.7637764215469,-0.0021793983582703014
2.1,1,6.67905383466838e-05,75,68273.73695172105,941.0996389389038,0.004764294859164853
2.1,1,0.0003442149755241708,42,68112.0002160617,945.1441658735275,0.004445332293684157
2.1,1,2.2246686954829897e-06,61,68155.80480349179,943.8387820720673,0.006574934237450147
2.1,1,0.00019832786658691148,162,68089.55854508781,947.8216625452042,0.007437154329009044
2.1,1,1.1428987435557758e-05,105,68094.53031788893,949.5991770625114,0.008440660532096356
2.1,1,2.4774744209477007e-05,62,68092.13362616887,947.8902868032455,0.000836175709256981
2.1,1,4.585229339326702e-06,59,68039.29905916807,945.9268986890092,0.008501520638151128
2.1,1,0.00010466146455412328,198,68045.16306200577,949.2235172986984,0.0032594362153983703
2.1,1,7.930802989930541e-05,150,68101.59204912675,946.0119276046753,0.003919667921837622
2.1,1,0.0001267385084124939,191,68095.14158455687,946.4052302241325,0.0066664596889518535
2.1,1,0.00011803275206512254,71,68142.24276732077,947.544583439827,0.005994942562232097
2.1,1,2.046053521276292e-06,183,67977.83711786798,948.2308470010757,0.009159500551072064
2.1,1,0.00010806954473974173,188,67999.78121081133,947.2124349474907,-0.002948972423630458
2.1,1,1.4844782425527114e-07,166,68072.69843486782,946.2439832687378,0.00460188191297517
2.1,1,0.00016168943797234547,155,68058.24963346112,948.2849627137184,0.005702820287411647
2.1,1,3.330764799525099e-06,86,68073.1422119718,947.4984580278397,0.007783647761219203
2.1,1,0.00016158691208323361,85,67998.110687736,945.7580374479294,0.0011418018175803901
2.1,1,0.00011300717080375833,80,68099.1423640687,946.8856381773949,0.0017947932520407939
2.1,1,1.5634016168775133e-05,193,68013.3297326091,948.3563351631165,0.009474264094216256
2.1,1,0.00012878264944449214,40,68126.78202711926,946.1752532720566,0.0053410449892812295
2.1,1,1.028887720311289e-05,60,68062.72814390267,945.6910799145699,0.007960670931083769
2.1,1,2.9846798502930483e-05,108,68013.70485567958,946.0500445365906,0.004831561764367276
2.1,1,1.0952917309126065e-05,94,68013.81129619275,949.1062114238739,0.0020191382234524546
2.1,1,1.1287176442831282e-05,41,68054.89637169671,947.4418398141861,0.0033685320820673326
2.1,1,1.4013539780588502e-05,157,68099.86108214421,945.1218748092651,0.00662103257560176
2.1,1,4.900871938495754e-06,108,68013.0096732128,947.8165071606636,-0.0022255953855507826
2.1,1,9.538078376003511e-07,135,68084.79221689217,945.7532676458359,-0.004955097721959234
2.1,1,4.730427375720936e-05,119,68038.33082331807,944.9269944429398,0.006254090348885466
2.1,1,0.00010786570651655225,114,68143.00606784438,940.2163681089878,0.0063508621362879936
2.1,1,9.496246224482974e-05,195,67917.19030550588,950.5481495857239,0.004762471071088736
2.1,1,1.633941490641888e-05,153,68046.72694581083,945.1224100589752,0.00944416759420541
2.1,1,2.2314183542704313e-05,132,68097.81040067399,946.0236798524857,0.0015525497477018035
2.1,1,7.008557072030186e-05,128,68191.71973157478,943.5588139891624,0.0010157938760491092
2.1,1,0.00010405337690366778,102,68151.82708551546,945.9916352629662,0.006656636503754587
2.1,1,4.501281917423938e-06,159,68086.0604741009,944.047777056694,0.0030056234027093787
2.1,1,6.0650202659218166e-05,76,67998.01533257852,943.1472226977348,0.0010185655834717977
2.1,1,3.718582301015516e-05,90,68207.33583976836,948.2044795751572,0.0008910292844381829
2.1,1,3.942846711835202e-05,177,68086.23272163435,947.6712894439697,0.006398266904180883
2.1,1,5.471246745303304e-05,186,68016.12339704475,947.7444176077843,0.004209260657325853
2.1,1,0.00013882050552371794,185,68089.55495177643,945.6791841983795,0.00780610852082253
2.1,1,7.309655413623162e-05,55,68007.53334634073,945.2379477322102,0.0032630324584492776
2.1,1,2.4317914800064955e-05,37,68035.35663441909,944.4697753787041,0.004727719693969679
2.1,1,2.260123123720703e-05,39,68097.45019931455,946.9534170627594,0.006982975293634119
2.1,1,8.529494124331904e-06,163,68106.45032177119,946.0190532654524,0.009253202151086715
2.1,1,4.635788383389183e-05,46,68028.66575264346,947.3131982684135,0.009637892331372466
2.1,1,0.00015855329663905238,77,68067.30176380934,946.4897744655609,0.009283018621387473
2.1,1,2.244451751920451e-05,58,68115.54270922273,943.5613963603973,0.0043971433445779695
2.1,1,0.0002927545347857219,111,68045.9131055036,945.5133475065231,-0.0057807381076897535
2.1,1,6.851769840521271e-05,156,68071.05769285907,946.3579605817795,0.005426285261789676
2.1,1,1.8194074486110878e-05,146,68073.86925027886,946.3196977376938,-0.005901958395434281
2.1,1,1.547667628098992e-05,192,68083.5778937909,947.2031852006912,0.008368099625778669
2.1,1,0.00011903899099818815,44,68050.14039026042,943.369381248951,-0.0006951821383851531
2.1,1,3.963160595121806e-05,99,68141.9255429605,944.6498329043388,0.004145853314474923
2.1,1,5.737343856626609e-05,106,68011.4289158304,949.1451925635338,0.010653067103530756
2.1,1,5.7376630592909095e-05,47,68068.23124349833,945.9474658370018,0.004836268493324525
2.1,1,4.919199688879772e-05,130,68102.93221530353,946.7722362875938,0.00815363258630919
2.1,1,2.8248129448016357e-05,154,68035.74190437057,947.5591107606888,0.0012352735664902248
2.1,1,6.216935652281208e-05,151,68045.83520999567,944.7837019562721,0.0035028540239170347
2.1,1,0.0002456689964320802,54,68120.4617428913,946.9733486771584,0.002613743414030534
2.1,1,1.8548146908159424e-05,188,68074.8658802186,946.460261464119,0.0035770971808926078
2.1,1,2.4118972743902845e-05,54,68122.70821284814,945.5467427968979,0.009129861626366864
2.1,1,4.142216674019039e-05,57,68131.06503528652,947.4628252983093,0.007185065421635883
2.1,1,9.879145385038868e-05,127,68072.07811884888,943.9699282050133,0.0018228471779191402
2.1,1,2.1836124429075454e-05,135,68046.1729156197,944.1730790138245,0.006356154988707896
2.1,1,8.816241931430824e-05,181,68072.17061629832,944.1668423973024,0.005485277513247677
2.1,1,0.00013981331983092815,191,68101.68505008839,946.1624859571457,0.000564969283437744
2.1,1,5.373362789828917e-06,83,68062.9968398381,946.0968350172043,0.005021455423850352
2.1,1,0.00015959882789839952,53,68103.62598880852,947.1203911304474,0.0034995549083305377
2.1,1,5.064486400341295e-05,171,68051.08309098921,948.0205587148666,0.009065814878756129
2.1,1,9.849219412627619e-05,95,68222.60588088716,944.8730409145355,0.006744024219288214
2.1,1,2.8249544357539236e-05,81,67918.27184206877,948.6614911556244,0.007943479039999257
2.1,1,6.777525978396426e-05,92,68083.79097149953,946.3056596517563,0.009584693319525162
2.1,1,3.275140086334005e-05,119,68119.14024645295,946.5975421667099,0.008576486297286579
2.1,1,4.596136725298905e-05,156,68029.26216622908,942.8248285651207,0.004015343820313877
2.1,1,2.450817056542931e-05,129,68093.71815077338,947.7389150857925,0.000683364545026155
2.1,1,2.820606436193529e-05,165,68131.7786323666,944.5101988762617,0.005612855062832711
2.1,1,3.675236291211803e-05,84,68084.40986057001,945.2971424460411,0.0014448534586124495
2.1,1,7.868329231763838e-05,106,67928.36742708797,948.0160330533981,0.009692547229652959
2.1,1,0.00014839227992480275,115,68033.10076075445,948.089306473732,0.0005656285172785935
2.1,1,1.8175981153500942e-05,182,68147.8620827453,946.6765171289444,-0.0005406576785982331
2.1,1,0.00013468009737982456,41,68013.84510700702,945.4543583393097,0.007062932395471844
2.1,1,3.980100152700672e-05,40,67935.74183366222,946.3701878786087,-0.003436429336037161
2.1,1,1.2929624425339625e-05,199,68045.28402046308,949.4563276767731,0.0008126349622186169
2.1,1,6.254783577253065e-05,140,68145.64000224408,945.0585981607437,0.008881468706322782
2.1,1,7.966813531101735e-05,54,68062.27072911987,948.163848400116,-0.00020851840641400443
2.1,1,3.865746880515886e-05,143,67974.03153485405,946.5031862258911,-0.0017766376443795195
2.1,1,0.0001413078217096242,107,68091.49382124637,945.7751856446266,0.004274881773716377
2.1,1,5.087137678039255e-05,165,68069.21262225008,945.7249738574028,0.0008125585597666962
2.1,1,8.795335798605919e-05,67,68079.7283604237,947.7530827522278,0.000914986534450879
2.1,1,0.0002883518763794335,169,68151.90260649825,941.1345884799957,0.005805651058369055
2.1,1,0.0003290287142645454,192,68124.47337997252,947.6312838792801,0.0028763601442607367
2.1,1,4.846010265069367e-06,166,68023.35226644063,947.3044193387032,0.0029459135183724783
2.1,1,2.889406937978123e-05,101,68051.72766359568,946.1546817719936,-0.0034899844031097693
2.1,1,3.096725498696884e-05,65,68134.76825808619,946.2959217429161,0.0020508926687430318
2.1,1,5.7253477319108015e-06,68,68134.79613870436,949.1133447885513,-0.001854493953590275
2.1,1,0.00013420370555516925,117,68051.24535231937,946.1842220425606,0.0036515440194384574
2.1,1,6.279719599566747e-05,118,68074.50737567006,946.1371661424637,0.0015701319632257515
2.1,1,1.177920726291859e-06,190,68085.31765360551,948.2915568947792,0.0007127517277822903
2.1,1,7.70690627267534e-05,178,68079.56448449644,944.6367800235748,0.0060846035560495615
2.1,1,4.327113696822593e-05,79,68003.68824856053,949.4188919067383,0.0019443612148699607
2.1,1,5.326441953501515e-05,45,68134.74863798544,944.8992239832878,0.006002943790217596
2.1,1,0.00046555125692826493,179,68088.64396107111,943.2810946404934,0.00708849900333508
2.1,1,5.587601659895469e-05,164,68025.3977789306,950.3107551336288,0.009622627280763574
2.1,1,5.828662169804488e-06,184,68042.05276525358,948.1108971834183,-0.0012003688978419191
2.1,1,0.00021795724054474164,107,68063.89797309804,952.13337880373,0.007946449040078019
2.1,1,1.987561147220873e-06,183,67985.37700197431,947.4234671592712,0.006585452258878188
2.1,1,0.00011050775342535957,184,67965.10969123628,948.4112967848778,-0.006580697863820095
2.1,1,3.892582552733614e-06,165,68149.15564767669,945.8216123580933,0.006508478980962629
2.1,1,8.448937928129396e-05,146,68145.66945660494,945.6182264089584,0.007503840504161197
2.1,1,0.00035739293187520005,101,67968.35760663608,949.633805513382,-0.001599123016357229
2.1,1,5.9942615406427535e-05,58,68184.71852214327,943.5016710758209,0.008659625424639827
2.1,1,9.051124869152716e-06,133,68111.65922123811,945.7197918891907,0.0013952684266840265
2.1,1,6.151096619122498e-05,59,68110.71947222724,945.955295920372,0.00524288848996779
2.1,1,1.2425169276575332e-05,159,68092.47390792798,948.8535096645355,0.0036963050355027782
2.1,1,7.116311981469892e-06,194,68099.57740815081,946.704304933548,0.006184475686613844
2.1,1,3.2606677473623336e-06,64,67937.87163447966,946.347452878952,-0.005290681668167707
2.1,1,7.430825608434333e-05,179,68190.5683145301,944.3551814556122,0.006982363349617771
2.1,1,1.0125759535739576e-05,171,68170.43211216846,946.3816060423851,0.004924933359669925
2.1,1,9.654510483780854e-05,148,68039.58211204696,948.6849833726883,0.0009414608761026955
2.1,1,2.4364978383761837e-05,58,68099.91816890684,948.1384874582291,0.007510440878916391
2.1,1,0.00011109410548693077,154,68106.07383282576,946.7645720243454,0.005788522125819373
2.1,1,5.452476051459598e-05,113,68117.03923870427,944.9873868227005,0.0062551954840079915
2.1,1,0.0001389286235458087,80,68023.85297633479,943.8875549435616,0.0015489563864075073
2.1,1,9.436971428078422e-05,114,68091.35752626036,944.7856314778328,0.0069786874691772915
2.1,1,3.840701081481157e-05,106,68066.57850150374,946.8299069404602,0.0028203523100565064
2.1,1,0.00011642738307404699,190,68082.70611020805,945.0748788416386,0.0104499335984225
2.1,1,1.2508663261190378e-05,162,68139.23660834203,947.1603428125381,0.010340798105259452
2.1,1,3.383031262682579e-05,110,67996.87838660508,947.833392739296,0.0039786241486079454
2.1,1,0.00023182754442840903,162,68111.264686351,946.1928645372391,-0.0017048523675073923
2.1,1,1.62953796603027e-05,63,68115.15376974481,948.5120983123779,0.00833512190930552
2.1,1,5.640370268933381e-05,168,68046.56161218388,944.0251073874533,0.001380890706586424
2.1,1,0.00012422010663915017,194,68066.3361244286,945.4938049912453,0.007046043645319688
2.1,2,0.003989460425104063,45,70543.75235084137,976.756902962923,-0.06196530836525449
2.1,2,0.001843767256173301,45,70508.45393246692,979.035273194313,-0.05800369244469472
2.1,2,0.0009826441217741788,45,70653.49142432277,978.0928457975388,-0.054424462942588736
2.1,2,3.54277413201487e-05,40,70526.29376589542,979.4287211894989,-0.059553914753882164
2.1,2,0.003906147675202032,45,70475.2923584181,977.5376563668251,-0.06108936913538798
2.1,2,2.996963407930764e-05,45,70595.10933657036,979.0126183331013,-0.05913832270394748
2.1,2,0.0010983562707194139,40,70578.80762680368,978.23640447855,-0.05871685443334185
2.1,2,0.0015839733761762176,40,70572.72534799756,974.9316273331642,-0.05226787307699787
2.1,2,0.0003999010234863043,40,70468.55318801095,978.551248729229,-0.061136235854623244
2.1,2,0.000283268673959558,40,70568.6710180174,976.4880889058113,-0.046413595943983754
2.1,2,0.0019151050380141754,45,70459.39529765586,978.6245138645172,-0.05820652049601183
2.1,2,0.0011185705165885906,40,70460.7309916995,978.1398894190788,-0.05677375674406804
2.1,2,0.0008534640660800008,45,70718.6803835964,979.1039043068886,-0.04887324897480516
2.1,2,0.001605038020389138,40,70484.50508791457,978.8186790943146,-0.05924604875827599
2.1,2,0.00038238062498052727,45,70558.40894831005,979.7513499259949,-0.05635289470825677
2.1,2,0.0013223394028099023,45,70539.44805742917,976.8331153988838,-0.058934960789953195
2.1,2,0.0005570581971183763,45,70694.65767720384,979.0828841924667,-0.0612446267863378
2.1,2,0.004389407028566605,46,70538.69842750648,978.0632084459066,-0.06109680910975568
2.1,2,0.00010437948923458507,45,70421.49305722576,976.2892836350948,-0.0643506751080749
2.1,2,0.0025693525155552344,40,70399.85275223225,976.3184293210506,-0.05253583321030808
2.1,2,0.0004555885659711656,45,70433.19246541965,977.6615051627159,-0.05766706352026851
2.1,2,0.00031474092639527385,40,70551.28705998599,979.3493419885635,-0.05382450059654609
2.1,2,0.0013316727937286998,45,70504.258394834,977.7703805565834,-0.05566916724498405
2.1,2,2.831653674206791e-05,45,70432.6162724373,977.076241850853,-0.05766463469199756
2.1,2,0.003391922352219634,45,70407.56190753206,976.579066991806,-0.056702038575770164
2.1,2,0.0014742965022582766,45,70304.89519565202,975.1703598275781,-0.05769679627552193
2.1,2,0.0009445244187689106,40,70476.08470208874,976.8561574220657,-0.05673951798566845
2.1,2,0.0010997534310805968,40,70729.38011281434,976.9043213129044,-0.060011232624921806
2.1,2,0.0015692510188776154,45,70421.0353777072,979.3755695521832,-0.06366199155798657
2.1,2,0.000581386021669239,45,70493.21545886727,977.68406945467,-0.05967978945535046
2.1,2,0.0007611782617913398,40,70537.26340943866,977.2545223236084,-0.05869171939186568
2.1,2,0.0010419035701345614,45,70324.40316740522,976.0488483346999,-0.06120113776320446
2.1,2,0.00027446161444322215,40,70615.40940795731,977.9200683832169,-0.06048240712574371
2.1,2,0.0016730718605102446,45,70465.9398396436,977.904558300972,-0.05939060917371153
2.1,2,0.0007830142309059873,40,70572.56037235878,978.7968977093697,-0.055954456413946474
2.1,2,0.0003092558661541567,40,70539.6259168256,978.3750703334808,-0.0586565801375345
2.1,2,0.003927287782578226,46,70531.24235983132,974.1714643537998,-0.06047653709949552
2.1,2,0.0007535860959682061,40,70581.98520933918,978.578475356102,-0.05751024663838766
2.1,2,0.0010654268823273583,45,70613.71985387888,975.449541926384,-0.05856971825361912
2.1,2,0.00027172528578622845,45,70518.98319306939,977.3526199162006,-0.05676833965446404
2.1,2,0.0005615273033394708,40,70604.93743980162,977.3946340084076,-0.06251875819093788
2.1,2,0.0001184235118283361,40,70443.43152791078,977.2449439540505,-0.058009092481790425
2.1,2,0.0028737321344172173,45,70499.78204524641,976.9505961984396,-0.06289598932192053
2.1,2,0.0020105046717424635,45,70524.43493147496,976.6045642495155,-0.059146386361097036
2.1,2,0.0008749679739263883,45,70594.45261293679,976.6174985319376,-0.059223607291496894
2.1,2,0.002839721902593073,46,70487.74835350216,974.7207139544189,-0.06060688505346645
2.1,2,0.00016910265573466532,45,70518.21207304872,977.2697129249573,-0.058739050630951084
2.1,2,0.001029470629966056,40,70372.02136487079,977.3346034884453,-0.057441671384458104
2.1,2,1.0280529554762552e-05,40,70431.12769790177,978.3126153349876,-0.05915842699819862
2.1,2,0.0009238446289709934,40,70562.09913691707,975.3528999984264,-0.05214971475488284
2.1,2,0.000549531365964917,45,70423.02493525352,977.7227350473404,-0.056775957950284894
2.1,2,0.002294323265502385,40,70592.49484263103,977.387535661459,-0.060342029956732546
2.1,2,0.0017735254315169868,46,70685.87735335785,976.8946121633053,-0.06295589536774893
2.1,2,0.000365590317763953,45,70439.62690472633,977.3011371213943,-0.05965089243833077
2.1,2,0.0015590031881225208,45,70472.82752676474,976.9321116805077,-0.061794604812005716
2.1,2,0.003697540776451902,46,70495.32184360379,978.1925966739655,-0.052399587057537556
2.1,2,0.00308207843550079,45,70466.00253994203,977.0948382019997,-0.05605969425749713
2.1,2,0.00010022954086741365,45,70548.14577814178,976.3268636465073,-0.06244522396598562
2.1,2,0.0022061456021447157,40,70558.65504699084,978.8705912828445,-0.06086706587809454
2.1,2,0.00421327229019397,45,70500.11904839946,977.1345679759979,-0.06188457662923019
2.1,2,0.0015716443603301933,40,70575.94175506425,978.6424675583839,-0.058076728541164524
2.1,2,0.0019712775448947895,45,70474.10992236351,975.8021618723869,-0.05481920576476762
2.1,2,0.002195176004179622,40,70523.02015560662,977.985603094101,-0.055022777922015376
2.1,2,0.0026738184536623244,40,70503.80763876607,977.0230695605278,-0.06245305706383908
2.1,2,0.002022585715703684,40,70540.05720350395,977.1629615724087,-0.055906054908442915
2.1,2,0.004941218197639596,46,70487.3417836844,978.0993744134903,-0.05306689584515478
2.1,2,0.0018821631547898399,45,70520.47437238958,977.8197660446167,-0.0629350392952901
2.1,2,0.000878233576704357,45,70502.38323435445,976.4463908672333,-0.06142017195847904
2.1,2,0.003391704407508467,40,70512.31659487521,978.5335556268692,-0.06300470919390255
2.1,2,0.002817558494178307,40,70581.62697282583,977.3074394315481,-0.059368715027284136
2.1,2,0.0028498204404643346,45,70519.08106138934,975.4986186269671,-0.06343751579352874
2.1,2,0.0019927740504011027,45,70573.14622274906,977.2130302190781,-0.05475993788737199
2.1,2,0.0034349363267662802,45,70498.16204430645,975.4522522389889,-0.05456225867167941
2.1,2,0.0024417080621441656,45,70572.67395090606,976.5504370499402,-0.065309153268311
2.1,2,0.000930312338659256,40,70556.02789606403,980.4036725759506,-0.052039356712275886
2.1,2,0.0015076514556051634,45,70504.21939810974,977.7940919138491,-0.05358665508603755
2.1,2,0.0011925318951395703,45,70523.06489059627,978.1106762886047,-0.059038828838878565
2.1,2,0.0015831505770940169,45,70583.9834127054,979.0860208272934,-0.059159628806830344
2.1,2,0.003172342442161913,40,70564.02646291004,975.8397442698479,-0.058578575214974116
2.1,2,0.0022802023235741764,40,70558.12166223997,978.0137470960617,-0.054540210072222095
2.1,2,0.0004822780250153258,45,70566.47841124819,979.0883566141129,-0.05754929291463817
2.1,2,0.0006118195825162154,40,70502.9132791201,979.0395991206169,-0.05792624072066355
2.1,2,0.0016252417500979277,45,70488.79398941346,977.7884927392006,-0.0633610575637733
2.1,2,0.0019209141225835502,40,70539.66334068608,977.8429359197617,-0.05250836712696261
2.1,2,0.0008360701105827317,40,70549.92754210225,976.6931692361832,-0.06812200601431373
2.1,2,0.0008603699015092836,45,70438.12284103507,978.1162957549095,-0.05563404900951463
2.1,2,0.0036049181974910915,45,70566.6503882975,978.3602131009102,-0.06273623082652868
2.1,2,0.0011933684754836804,40,70523.88672867371,977.6751983761787,-0.05657958321677814
2.1,2,0.0003487192974320763,40,70620.28209409204,979.7334001660347,-0.06060988553360014
2.1,2,0.0025455414249306862,45,70563.87941109954,977.2373225688934,-0.05610932774666111
2.1,2,0.0033421546055580897,40,70659.36493870387,977.16397356987,-0.06011509540724047
2.1,2,0.0031736266081749953,40,70542.28488273204,978.6899289786816,-0.056612396791291264
2.1,2,0.0019782440054751937,40,70555.41079062139,977.5620838999748,-0.05677811351639095
2.1,2,0.0005295710201997927,45,70572.20045565102,978.8939979076385,-0.06364567505869223
2.1,2,0.0028731446548633244,40,70606.24205323498,977.2549412250519,-0.053484779169824304
2.1,2,0.003009469794458486,40,70559.62912040582,978.1691114902496,-0.06203666458300772
2.1,2,0.002622028552219824,40,70566.9676439577,975.4838270545006,-0.05896640466647485
2.1,2,0.003427797275929567,40,70619.95614225887,978.4378163218498,-0.058671328478598905
2.1,2,0.0006793014271631037,40,70449.82283441245,978.6187515258789,-0.058566116000111634
2.1,2,0.0008595728432583272,40,70593.47249347948,977.231248408556,-0.059899042580032535
2.1,2,0.0012184830140959946,40,70430.2180606615,979.4674409627914,-0.05520986595082533
2.1,2,0.00040478976572710934,40,70602.71731969486,977.4168319702148,-0.058826098610286426
2.1,2,0.0012555978279165103,40,70598.96628817946,978.7271838784218,-0.0551637394609612
2.1,2,0.0020262812818354625,45,70549.9037774973,976.8181695342064,-0.05917253180413784
2.1,2,0.0010558252488985786,45,70514.11350247981,977.3093231320381,-0.05658067680596268
2.1,2,0.0007090721007596557,40,70566.86776525048,976.2682502567768,-0.052718240344767686
2.1,2,0.0020423199561765415,46,70410.37606095389,976.893193602562,-0.05590830038178973
2.1,2,0.001359337442278452,40,70635.74179202702,978.7909228801727,-0.05900922699781308
2.1,2,0.0033117183593578403,40,70507.83177623429,977.0100476741791,-0.056685493557431244
2.1,2,0.0018931085261528757,45,70582.29854175521,976.0332936048508,-0.05911944621512477
2.1,2,0.001413098617407016,44,70666.09805551352,977.0445585595444,-0.05452226226171675
2.1,2,0.0019311866859053062,45,70439.6834341536,977.7851219177246,-0.05442292882732369
2.1,2,0.003180692386988593,46,70473.6665407882,977.5824887007475,-0.0609734901649337
2.1,2,0.0016560593667160894,40,70624.23544936189,978.0661692023277,-0.05963021944808533
2.1,2,0.000802171974353616,40,70558.93839540803,979.1807897090912,-0.05501838476333676
2.1,2,0.003458043136431943,45,70563.63623189689,974.2566456496716,-0.056199345172339044
2.1,2,0.0031403530170455163,40,70524.99493395397,976.5521080121398,-0.06360389378935727
2.1,2,0.002071321947032967,45,70651.53188701459,978.6665835380554,-0.06052605900238017
2.1,2,0.0017040972351747286,40,70570.01755714267,978.6657845973969,-0.047938485166252764
2.1,2,0.0035971298585435463,40,70568.08145592097,978.0285687744617,-0.05917049321509493
2.1,2,0.002659881153802335,45,70416.99210498408,977.351324558258,-0.060436319365213986
2.1,2,0.003520199387670786,40,70470.09353569699,977.6000174283981,-0.06101704322816204
2.1,2,0.0005959342673551582,40,70502.88050307798,977.228798031807,-0.057461217837472045
2.1,2,0.0028666210790690982,40,70559.7063060165,977.4420349001884,-0.057414197925536925
2.1,2,0.0004003830620513682,40,70642.83291464021,977.8423116207123,-0.05521667953798781
2.1,2,0.00031018190978393534,40,70520.43073350328,979.5836629867554,-0.052735120139769
2.1,2,0.0010411208625193957,45,70520.36064916031,978.5516251325607,-0.055672078033468075
2.1,2,0.002617012927929707,40,70490.80143001533,975.7384584546089,-0.06193117444506324
2.1,2,0.002818540327265584,40,70461.05210895205,977.65849339962,-0.057680566755832
2.1,2,0.001026579680987627,45,70463.4660207856,977.5105194747448,-0.0576352052108251
2.1,2,0.0014499487206998118,40,70447.36042356938,976.954298377037,-0.059970964117753045
2.1,2,0.00017417328904745233,40,70487.97885709442,975.87459949404,-0.06191918008794639
2.1,2,0.0039483174200785065,40,70492.00514115636,976.9090729355812,-0.05770069570009717
2.1,2,0.0007175231307896546,45,70558.59770493166,975.2943740189075,-0.052436933731879076
2.1,2,0.00393053785874109,46,70548.52483045739,977.7833010554314,-0.06138979124262889
2.1,2,0.002947190952762302,40,70481.63146684735,976.2501296848059,-0.05725714075661603
2.1,2,0.003204206452573466,40,70549.13601986166,976.2157057225704,-0.059373138363907785
2.1,2,0.002971999677569226,40,70546.3899086757,976.0722933113575,-0.054885427756607985
2.1,2,0.0049399383796342455,46,70568.25287438174,977.0210009515285,-0.05819561749626301
2.1,2,4.626248143946299e-05,45,70606.35324732139,978.2900553941727,-0.057448414364095424
2.1,2,0.0012984096656234456,45,70569.169164807,977.9441701769829,-0.05882935769727071
2.1,2,7.80110162534875e-05,40,70599.26481913532,979.1360148638487,-0.047008153326243196
2.1,2,0.0021736586438469985,40,70663.92626448323,977.4707836508751,-0.0560888981455725
2.1,2,0.00035389315273315347,45,70428.52842780827,977.2458768971264,-0.06460567566456676
2.1,2,0.0003746398062847156,40,70488.81227939687,976.5648206472397,-0.05899061129457106
2.1,2,0.0006657044080213836,40,70631.25141281664,977.9460954070091,-0.059998401675217305
2.1,2,0.0010293174625672918,40,70530.00211612589,977.1161515116692,-0.06115464357736311
2.1,2,0.0024821041916931463,40,70561.75354609183,976.0643416643143,-0.05889807020532922
2.1,2,0.0004893600697166711,45,70543.97562791918,978.3697993755341,-0.0595186149901612
2.1,2,0.00412942037520736,45,70430.71063742768,977.7359308004379,-0.05664077766004372
2.1,2,0.002542105751492052,45,70658.86658621981,979.3595163822174,-0.047937947101163836
2.1,2,0.0028632877205634344,45,70549.46997524069,976.9137418866158,-0.057681812272930344
2.1,2,0.001727450405093478,40,70496.36910642756,977.7162901759148,-0.0535242602259598
2.1,2,0.001613011903126793,40,70465.04954627765,976.8722431063652,-0.0556932786555322
2.1,2,0.00015792927405922086,45,70582.30654197233,977.0433530211449,-0.05614809455579861
2.1,2,0.0005648860109874754,45,70478.28239979934,975.5165704190731,-0.059412590041361124
2.1,2,1.2402307404180135e-05,45,70484.5312078988,977.58272087574,-0.06445001363924607
2.1,2,0.0020557680788266808,40,70650.23367695966,978.1220484972,-0.058319276111899576
2.1,2,0.005026729880366343,45,70355.96204866188,976.6064657568932,-0.06277323299550996
2.1,2,0.0018827366231728426,40,70587.83327739507,976.4292124509811,-0.058136222959216166
2.1,2,0.0009018773601501273,40,70537.30047608164,978.0028580799699,-0.06013776595916154
2.1,2,0.002761525457348313,40,70541.66926218448,974.7829427039251,-0.05926466438713618
2.1,2,9.898768993066298e-05,45,70416.13726479346,977.5358550548553,-0.05808549914847161
2.1,2,0.0011549893486977325,40,70638.25629470298,975.5249229669571,-0.05653599738345605
2.1,2,0.002028044542936147,40,70526.49160720025,977.733420073986,-0.058288011214923774
2.1,2,0.0018996773536277267,45,70383.78417620322,976.5100899189711,-0.058291723966083175
2.1,2,0.003538522157788382,46,70522.67501923008,976.8212630152702,-0.06023360412503154
2.1,2,0.001451827361127478,40,70562.08768126348,977.192637860775,-0.054982320055084966
2.1,2,0.0020963011587746827,46,70513.5550426687,975.6034931540489,-0.05924005998308557
2.1,2,0.0029101958839787834,40,70675.49820545787,976.7063207030296,-0.060814608913874135
2.1,2,0.0031304062918309228,40,70645.15937495764,976.5221302509308,-0.05629756181204071
2.1,2,0.0010644201339427006,40,70579.88722097666,976.3676311969757,-0.056773897614741387
2.1,2,0.001158849217415714,45,70553.31666705107,977.193191409111,-0.05802523232458512
2.1,2,0.0034489971093147886,40,70522.05378339939,977.3615790307522,-0.05554787023786023
2.1,2,0.004192256482431045,45,70546.8754233779,976.6077046394348,-0.055498177345220334
2.1,2,0.0036705322227446047,45,70566.48908355033,977.3394353985786,-0.06092609216746592
2.1,2,0.002624102827867514,40,70495.6135441157,976.011965572834,-0.061135827454623204
2.1,2,0.003486346466911705,45,70520.80750200863,975.7055077552795,-0.05942855948180714
2.1,2,0.00030860409652166965,40,70488.27182346756,977.5582842230797,-0.062281843316217333
2.1,2,0.0036028070135221135,40,70519.3497025016,976.4814196974039,-0.06156094894425346
2.1,2,0.002819952000638448,40,70465.91610136809,976.7980577945709,-0.05000785912011141
2.1,2,7.708545697138192e-05,40,70546.03687957235,976.1308310329914,-0.059393705343943726
2.1,2,0.0005360108458400958,45,70473.42023034299,977.6421978026628,-0.04852718918636478
2.1,2,0.00043168214449540443,40,70543.9116008492,977.747412443161,-0.05483642442138503
2.1,2,0.0013177468054008656,45,70642.20833440078,977.3562157154083,-0.05318486349362317
2.1,2,0.002755030744858278,40,70560.29823165148,978.9066979289055,-0.05679408412798992
2.1,2,0.0043893777653143395,46,70473.78584142578,976.3178146481514,-0.05122810365909203
2.1,2,0.002081323725377615,40,70560.05639020291,979.5422088503838,-0.06061891934076469
2.1,2,0.00226247436046334,45,70577.06327521137,977.4517926573753,-0.05936632878621806
2.1,2,0.001791363948072,45,70442.11026990942,977.7629663050175,-0.05575776198425153
2.1,2,0.0020214264350273403,40,70530.85411882563,976.2682745754719,-0.06347684991397307
2.1,2,0.0030330094742012648,40,70570.6385758958,977.7785551548004,-0.06083254453013387
2.1,2,0.002505593740130152,40,70582.99477979467,978.0581292212009,-0.06127361487241689
2.1,2,0.0010968853460897598,45,70513.50121034661,976.3816353976727,-0.05726302171918363
2.1,2,0.00256265515278864,46,70429.27443420437,976.7246961891651,-0.05980351505314552
2.1,2,0.0016538954612461687,40,70513.27745706293,977.4245626926422,-0.055173921375894164
2.1,2,0.0008986674032054331,40,70532.57894274085,976.9118051528931,-0.05682226033055926
2.1,2,0.0006532218334238671,40,70535.23759301237,978.2650352716446,-0.05652423132725781
2.1,2,0.002610353788117248,40,70503.24111428384,977.5561164021492,-0.06282962663329217
2.1,2,0.004698163068995065,45,70500.83473397509,977.4412803649902,-0.05395739686181544
2.1,3,0.003951298560851413,53,74211.51688943715,978.6352126598358,-0.12806718506562542
2.1,3,0.0038905674361648934,50,74244.83770973691,976.2193397283554,-0.12811530924324677
2.1,3,0.0013443794239460516,54,74198.25283578802,979.1396884918213,-0.12807071527650282
2.1,3,0.0011491880280050104,54,74246.79366557409,981.158994436264,-0.12941973674599638
2.1,3,0.002343884079593739,54,74220.18227402138,978.7226479053497,-0.12682693810651036
2.1,3,0.004411252493555562,54,74257.31252837474,977.961819767952,-0.12864528495279592
2.1,3,0.0009264710197323112,53,74280.59233049347,976.9042743444443,-0.12738725597744494
2.1,3,0.00295526894182796,53,74327.72212590018,977.9534882307053,-0.13027169794280913
2.1,3,0.0028321515511611217,50,74360.94810806254,980.0020518302917,-0.12814159051350105
2.1,3,0.002928258120188154,50,74211.80059613139,980.4539555311203,-0.12616931784202645
2.1,3,0.0010119457003754384,54,74161.43084466521,980.1196532249451,-0.1302882754697412
2.1,3,0.0021721446835418767,53,74271.72180142827,978.680823802948,-0.12723863323584372
2.1,3,0.0032855029688172444,53,74243.58385318248,979.6169729232788,-0.12685933073681155
2.1,3,0.0017628881521107864,50,74203.62075044814,979.4905672073364,-0.12691346646919466
2.1,3,0.0035785035217750227,53,74293.05271683277,975.4910843372345,-0.1281613674715858
2.1,3,0.003185507352398087,50,74260.82513610435,978.4237602949142,-0.12813685246176343
2.1,3,0.0013777054421724166,50,74316.39865115132,979.2645750045776,-0.12647487577801786
2.1,3,0.004069721385327796,54,74293.07528546853,977.9570755958557,-0.12765194684673542
2.1,3,0.002206086532920981,53,74260.22142408605,978.5531363487244,-0.13031897724891528
2.1,3,0.002079908980940015,53,74300.35643025025,977.0972691178322,-0.12376908859099123
2.1,3,0.0021717777311938136,53,74295.11925756827,980.2849971055984,-0.12424031156073512
2.1,3,0.0021962937021537954,50,74268.81898001082,979.5962337255478,-0.12931813086413335
2.1,3,0.004079880554340942,53,74233.0427050709,978.8876764774323,-0.1262912012448969
2.1,3,0.0004018185953182929,54,74281.30218423204,979.1861571073532,-0.13004676460412923
2.1,3,0.002485554048333949,50,74207.4101726978,980.3735129833221,-0.12629914085291793
2.1,3,0.003488838161108454,54,74249.73140071976,977.4867029190063,-0.1256669788358149
2.1,3,0.0019576297729115844,50,74227.75467867663,976.1223313808441,-0.12566052860908994
2.1,3,0.003136319858975778,54,74263.38316497483,974.8671758174896,-0.12311727257661009
2.1,3,0.0014566906772608412,54,74157.72478412992,979.7054748535156,-0.12708098351904984
2.1,3,0.0028625666995312216,54,74240.6273776748,979.0846819877625,-0.12411055084543654
2.1,3,0.0016439333551740987,54,74251.91526685677,980.074415564537,-0.12582476004292054
2.1,3,0.0020097736809616684,50,74216.6118057191,978.8492574691772,-0.12424351360637909
2.1,3,0.002323569764846045,53,74375.34217834592,977.7158637344837,-0.12593777291285102
2.1,3,0.0037404967039131876,53,74242.91914459318,978.9038590192795,-0.12732077586738488
2.1,3,0.0011916152387678736,50,74259.98532276956,980.0654141902924,-0.12652159455434364
2.1,3,0.002471861239487616,53,74305.7472637378,974.5033981800079,-0.13146277006151053
2.1,3,0.00242931493155929,50,74304.25425118349,980.2849649190903,-0.1295779867525344
2.1,3,0.0021939439213709555,53,74298.20799681018,976.600958198309,-0.12902773692960268
2.1,3,0.0018050822395769828,50,74331.76706143029,978.7806224822998,-0.12665604553527277
2.1,3,0.000581043508641077,53,74294.57620608644,978.9120321273804,-0.12882333311839234
2.1,3,0.0026744521135593224,50,74206.41852391312,977.0876653194427,-0.1329387358566505
2.1,3,0.002918780257396225,53,74245.06962505722,980.0331919193268,-0.1286323792810944
2.1,3,0.0025798186384533572,54,74296.96899567613,978.4515335559845,-0.12670217879423928
2.1,3,0.0012852532219937984,54,74337.69808479786,980.8427023887634,-0.12904306268886767
2.1,3,0.0011318433530091987,54,74264.06104529486,978.1562223434448,-0.12359980466628895
2.1,3,0.0030218948454083794,53,74367.83107486405,978.9585154056549,-0.12846606282752426
2.1,3,0.0016422927611885463,53,74242.32885685857,980.8781366348267,-0.12522054852688225
2.1,3,0.0012217970702299574,53,74248.04637819222,979.2122046947479,-0.12716714630226633
2.1,3,0.0006141160973420767,53,74271.76818237852,976.7735280990601,-0.12570811753444833
2.1,3,0.0046148658422797695,54,74246.17137329438,977.7139456346631,-0.12603843888743826
2.1,3,0.0024040055414547012,53,74261.71054384201,978.1407203674316,-0.1287449057633403
2.1,3,0.002740081456727772,54,74223.95393345453,980.042312502861,-0.1315323146642362
2.1,3,0.0009373121029256914,54,74306.05718981395,979.2919540405273,-0.12787835963033034
2.1,3,0.004730310650734815,49,74242.58778630462,977.1421683430672,-0.12779153292397383
2.1,3,0.002558859328933405,54,74261.96979099151,976.7090011239052,-0.12478719691263662
2.1,3,0.002589169006363967,53,74222.41057492698,977.4096077680588,-0.12847512898983338
2.1,3,0.0027049657537849825,54,74328.93999793685,977.484285056591,-0.12750212586198817
2.1,3,0.0011858282698211653,50,74362.48111715236,982.4044818878174,-0.12912354772646228
2.1,3,0.0016050075564195687,53,74255.2255154392,979.0998735427856,-0.12669641168542478
2.1,3,0.0022975291013938026,54,74284.67338961927,978.6413046121597,-0.1268020329626205
2.1,3,0.0045614454565456874,53,74283.1302094102,977.7446464300156,-0.12626207258158972
2.1,3,0.001989395750386258,50,74316.75508619395,981.0000740289688,-0.12959689602460833
2.1,3,0.0008111812537539009,54,74403.27140562618,980.6596632003784,-0.13174983617977154
2.1,3,0.0033140692053170717,53,74293.0126220887,977.4179581403732,-0.1299334866434363
2.1,3,0.00022553618538223574,54,74222.21889749555,977.2000686526299,-0.12423156864361862
2.1,3,0.0036091682278924786,50,74238.98296727985,979.8003702163696,-0.12457989227495214
2.1,3,0.003437520645651393,50,74299.18311150919,975.5335261821747,-0.13092409313929299
2.1,3,0.0024963938924185136,50,74383.67130294137,979.4545396566391,-0.12610074290972828
2.1,3,0.0044696972876145935,54,74352.17231653765,977.2980375289917,-0.1294061993656097
2.1,3,0.0023937487692324844,50,74300.57410436073,982.5337723493576,-0.12518044483529334
2.1,3,0.004370539210983182,53,74393.15285854916,978.0999141931534,-0.12729896125265183
2.1,3,0.0029347032456477073,53,74220.16842771892,979.2702370285988,-0.12676966157805336
2.1,3,0.002210153835068951,50,74298.74235863748,979.6567608118057,-0.12687212471711784
2.1,3,0.0023695393851990154,53,74153.65308280411,981.332460641861,-0.12381216220995084
2.1,3,0.0005124309301201002,53,74302.37281264972,976.8514252901077,-0.12596883750304477
2.1,3,0.004062164748069641,49,74350.81035581378,975.5461736917496,-0.12810552086292404
2.1,3,0.0025136618623511353,50,74258.8744103713,978.2323801517487,-0.1291298460952195
2.1,3,0.005412475939772676,53,74354.35362553014,978.8982083797455,-0.12629968644885547
2.1,3,0.0015919263678725315,53,74236.03225832463,978.700324177742,-0.1250356418873979
2.1,3,0.0009046158723911013,54,74305.17322026085,980.5332300662994,-0.12939857739885485
2.1,3,0.00222210313816662,50,74304.26622474771,978.2986238002777,-0.12577694768974013
2.1,3,0.0022862068057150076,50,74240.65026258904,979.0072710514069,-0.12967652532739682
2.1,3,0.0012450852868268747,50,74175.47173599688,979.6590411663055,-0.12587289229755405
2.1,3,0.001578481624934014,50,74149.84074201735,977.24764752388,-0.1286956565352564
2.1,3,0.0018502115447227574,53,74253.49462269882,979.0583329200745,-0.12292972780783118
2.1,3,0.0009399021425293697,53,74252.78690589957,978.2711915969849,-0.1276496894099437
2.1,3,0.0021263965632365434,50,74340.40194220423,979.9699714183807,-0.13109142075872482
2.1,3,0.0027867690226202058,54,74295.51303701069,978.071253657341,-0.12540208304389489
2.1,3,0.00251463512743344,53,74227.03902526308,975.7788180112839,-0.1265847481807747
2.1,3,0.0028970138731940764,50,74277.72320502465,979.2407376766205,-0.12749927476409528
2.1,3,0.003714832879740726,49,74305.91368411564,976.4914833307266,-0.12813927516544132
2.1,3,0.0027240322234241,54,74375.80683102229,978.5215121507645,-0.12817465682072737
2.1,3,0.001019399435956636,53,74346.21244299908,977.9807523488998,-0.1277419922767029
2.1,3,0.0009380139508272656,50,74253.88053584039,979.1277394294739,-0.12553450135380828
2.1,3,0.003786820898123544,54,74264.52163651405,977.9077311754227,-0.12182228235993153
2.1,3,0.002609647791810943,50,74308.70269657283,978.7506822347641,-0.12702636185319038
2.1,3,0.0005333031702363655,53,74217.079641007,976.9319853782654,-0.13118545325700715
2.1,3,0.0034143511231738977,50,74233.654459806,978.3230985403061,-0.12714908661598745
2.1,3,0.0031083332030288346,50,74242.6251261859,977.7792763710022,-0.1290119238856342
2.1,3,0.004064160813461726,50,74319.65082690313,980.5275236368179,-0.1255189715230165
2.1,3,0.0020026309159044686,54,74326.59983925043,979.2187429666519,-0.1304391937881948
2.1,3,0.004244202942395248,53,74205.20682320876,979.981764793396,-0.1277903319857827
2.1,3,0.00395692738147746,50,74287.0675665715,977.0631506145,-0.12646427413162153
2.1,3,0.0044223151454056975,53,74262.37631867314,975.6953862309456,-0.12656099513302377
2.1,3,0.004124147922124344,54,74197.62624811962,979.2120676040649,-0.12703350453333462
2.1,3,0.002028904732741754,50,74313.15764681203,978.6503845453262,-0.12801782609353785
2.1,3,0.0011145052931937904,54,74282.8641066606,978.6726562976837,-0.12967895755712688
2.1,3,0.001357232642984929,54,74284.35341673701,976.9718287587166,-0.13035355894796408
2.1,3,0.002874310752690512,50,74220.09289427391,979.1870334148407,-0.12496409067027714
2.1,3,0.0027284120375825616,54,74297.77545163689,979.3451241254807,-0.12389179230501202
2.1,3,0.0017377388555344098,50,74350.41261027155,979.6557885408401,-0.12812207850013957
2.1,3,0.005013761144152973,53,74339.71415733927,978.7613033056259,-0.12728301564002442
2.1,3,0.0015289944595946459,50,74251.6194859165,980.8876430988312,-0.1268572503617309
2.1,3,0.0014743293858927586,54,74392.80282888495,978.7130115032196,-0.1250912327597733
2.1,3,0.0012873160407678164,53,74318.6919651781,977.3047127872705,-0.12978142872458553
2.1,3,0.00022427886975862066,54,74309.36554576861,979.8698377609253,-0.1246869441319185
2.1,3,0.00264624267672664,53,74242.17289292067,977.865198969841,-0.12605549198803412
2.1,3,0.0006268993025466685,53,74249.55115282879,978.474897146225,-0.12969251226707845
2.1,3,0.0007648071408290491,53,74304.05425512206,975.7962312698364,-0.12706627476489452
2.1,3,0.00033465976940183495,54,74244.87096876309,978.2639982700348,-0.12659195934565437
2.1,3,0.0025477555620310177,53,74326.41260579952,978.0336467027664,-0.12898454974644702
2.1,3,0.0030068204318274283,50,74252.23011586492,979.2792326211929,-0.12433163892191001
2.1,3,0.0036633700340478192,50,74265.18755871257,977.5696388483047,-0.1270191477062359
2.1,3,0.0017622895948190553,54,74273.51223712284,979.1671597957611,-0.12606403631955132
2.1,3,0.0004786676087542574,53,74394.51505778158,976.9294698238373,-0.12797366536699162
2.1,3,0.004687546897501171,50,74238.94567769584,978.4174208641052,-0.1267003501566497
2.1,3,0.0005176746189796688,54,74325.71148586231,978.6126129031181,-0.12879663868015134
2.1,3,0.0011075305536256685,53,74262.2688319129,979.2052011489868,-0.12648160219677074
2.1,3,0.0010063469801773195,53,74250.00410915424,978.1511970758438,-0.12752006425908213
2.1,3,0.002062215991290195,53,74234.06148553388,975.4388172030449,-0.13148544978105403
2.1,3,0.0011093529202441665,50,74276.93117648749,980.0925290584564,-0.1269385414968831
2.1,3,0.0016899496574231954,54,74258.81240180724,978.6736220121384,-0.1281314037963941
2.1,3,0.001659757824729713,54,74287.46073469396,978.6597919464111,-0.12875066156278847
2.1,3,0.0038091944806382116,53,74216.96079472105,979.3314148187637,-0.12984779700952642
2.1,3,0.0028013749362107987,53,74400.89640566816,978.5741374492645,-0.12615323695103053
2.1,3,0.0033275924044318117,53,74256.67204299587,978.6341175064445,-0.12849179707050262
2.1,3,0.003515422378458144,54,74324.47730890881,977.8405048847198,-0.13043725305236475
2.1,3,0.0022561070738151834,53,74210.31499883125,978.3188230991364,-0.12558164137317518
2.1,3,0.0012987845711660562,53,74334.42898069127,975.7205848395824,-0.13091555109462516
2.1,3,0.002503652553677238,50,74310.41341084526,978.9981184005737,-0.12483417118641271
2.1,3,0.003575564667280151,53,74334.25017710059,976.5023573637009,-0.13188811515702192
2.1,3,0.0037880870967126334,50,74255.96899942713,979.0680174827576,-0.12463416938751926
2.1,3,0.0015650362364993953,53,74301.396390578,979.7486562728882,-0.1251047978357147
2.1,3,0.004035404606389292,54,74251.92877165855,979.2886881828308,-0.1257824944029462
2.1,3,0.001177515076486113,53,74247.42731707881,978.7662916183472,-0.12796229832832196
2.1,3,0.0023755083524736875,50,74278.88910195796,978.1131123304367,-0.1251589955726664
2.1,3,0.0028754955891319156,53,74281.24238898288,978.2146274447441,-0.1281739798547754
2.1,3,0.0028449335962807965,50,74348.29081249477,979.0936381816864,-0.1285657173906023
2.1,3,0.00063796435675334,54,74255.97292058886,976.8960416316986,-0.1278834818073542
2.1,3,0.0032642838524141737,53,74182.42884831897,980.7334020137787,-0.12725611614157795
2.1,3,0.0015559131126976489,54,74328.72236858583,979.3159537315369,-0.12559945850103937
2.1,3,0.00298094691168993,53,74272.97024996195,977.9214609861374,-0.1273310471325837
2.1,3,0.0010921868579165661,54,74330.29206781436,977.3015502691269,-0.12509139682021564
2.1,3,0.0025117012108655246,50,74325.99471906445,976.4924514889717,-0.13010025444139828
2.1,3,0.0006653120558426373,53,74292.56443004656,976.6731750369072,-0.12672239892501835
2.1,3,0.004003084351837494,50,74343.835685335,978.4103682041168,-0.1304210765666325
2.1,3,0.0023657269761900857,54,74343.43066836873,978.1989449262619,-0.12589113364121585
2.1,3,0.0036462934936838387,50,74344.26562598506,979.6208019256592,-0.13048482095468739
2.1,3,0.0019390077691530117,53,74265.99594026852,977.8276640176773,-0.12900461527501372
2.1,3,0.0009047958401371403,53,74278.044850242,979.1972806453705,-0.1268148871573047
2.1,3,0.0034694299953250685,54,74393.91110215576,979.6267024278641,-0.12817730610781775
2.1,3,0.003420245367343977,54,74244.76921576115,979.1947004795074,-0.1263381328782176
2.1,3,0.0014972277442932835,53,74297.6150184892,979.8813669681549,-0.12381542018118741
2.1,3,0.002829893942765338,54,74287.58450277931,980.621344089508,-0.13036372689833042
2.1,3,0.0016213962672169124,50,74234.79661001902,979.2525984048843,-0.1259610299855547
2.1,3,0.0047355782673226265,53,74338.66220762469,979.3805228471756,-0.12812708199313394
2.1,3,0.0029664324329519154,50,74391.38357663824,977.6899863481522,-0.1275447277779851
2.1,3,0.004101298098996065,53,74223.71467771434,979.3672811985016,-0.12452605383393989
2.1,3,0.002982739323691419,53,74288.77090423327,976.7520152330399,-0.12774156029157768
2.1,3,0.0008432302241114797,50,74293.51988348593,979.3368738889694,-0.1286804527633003
2.1,3,0.00048090456935234727,53,74172.27087932153,977.1556378602982,-0.12869734370229557
2.1,3,0.00012606924089197946,54,74249.19003996604,977.3962647467852,-0.12781451506839758
2.1,3,0.0013211521217519895,53,74190.27856995972,977.383624881506,-0.1268265932592587
2.1,3,0.0036664468022675756,50,74251.76408061219,978.4894584566355,-0.1289677673628804
2.1,3,0.0011036261837666927,54,74166.43923022973,980.0504429340363,-0.12441025103985992
2.1,3,0.001550396478324334,53,74233.20108628762,979.9218748807907,-0.12727242189715282
2.1,3,0.001359011725836634,50,74226.71041820283,979.6639266014099,-0.12732750325026698
2.1,3,0.004128795354188419,50,74387.92171873737,978.9074274301529,-0.12759797034041176
2.1,3,0.0019677778096331977,50,74151.64531295469,978.5731203556061,-0.12615575062861595
2.1,3,0.0010317756973607928,53,74229.93348961101,977.9238727092743,-0.12747138485636555
2.1,3,0.00021648362221915463,53,74271.45307997579,978.9270862340927,-0.1273576701571768
2.1,3,0.0045801570026853256,50,74184.60476504291,978.6739271879196,-0.12696554741447086
2.1,3,0.003697205565555528,54,74360.291860134,976.6858438253403,-0.12552540093860642
2.1,3,0.0025525099726841916,50,74278.70763642521,979.7719691991806,-0.12843120225164495
2.1,3,0.0023152768201191165,50,74218.38458525296,980.2336279153824,-0.1286955767810425
2.1,3,0.002892602456035398,50,74317.72447884145,977.5129473209381,-0.12356333534602393
2.1,3,0.002506936316669428,53,74190.65895921389,976.9882391691208,-0.124283673998693
2.1,3,0.002545206100886599,50,74403.82402364208,979.6457433700562,-0.12611084693138186
2.1,3,0.0022005759559187155,54,74244.02654479194,979.2651355266571,-0.12538957565367204
2.1,3,0.00425986277906798,53,74284.0955092497,977.4279623031616,-0.12949396133575597
2.1,3,0.0021396925335941397,50,74293.31444232847,981.1634073257446,-0.1282197506107432
2.1,3,0.0018928649765652672,53,74282.3241805227,975.3794614672661,-0.1269710834448008
2.1,3,0.00017806967099920357,50,74262.63575844189,981.6562445163727,-0.12552182394405276
2.1,3,0.0006755216766451966,53,74324.11699665971,977.3768529891968,-0.129311570524139
2.1,3,0.0018231049230350571,54,74321.92804136775,977.1635411977768,-0.1248090620530049
2.1,3,0.0018616552183305934,50,74343.82792429558,980.3660113811493,-0.12740238053732433
2.1,3,0.0032183086608146283,53,74195.72638777866,976.5088794231415,-0.125825561536538
2.1,3,0.002276392613753675,50,74285.86006850451,976.3950401544571,-0.130522493157732
2.1,3,0.0024845050417083847,53,74299.74557545371,978.7695641517639,-0.12667894065378404
2.1,3,0.0006912021996945406,54,74243.20360307564,978.9048278331757,-0.1281682739354335
2.1,4,0.01115617350866227,62,79844.68602890121,988.5660080909729,-0.20655161876154438
2.1,4,0.008920743759061711,62,79867.21857886523,987.4165546894073,-0.20396449386724358
2.1,4,0.010848912621298723,32,79865.54324131772,989.0726671218872,-0.19673865426140513
2.1,4,0.009261151912188126,62,79909.35290064206,989.1058340072632,-0.20525610578966447
2.1,4,0.011906279892741622,62,79861.13116529825,989.0718429088593,-0.1961811992704925
2.1,4,0.008277673783084083,62,79847.85597606756,988.6090955734253,-0.20369580441049573
2.1,4,0.009565008463377822,62,79825.0484034156,989.3795337677002,-0.19768518224811782
2.1,4,0.009071218477207044,62,79925.63100229092,988.5110015869141,-0.2036515060230788
2.1,4,0.009320272096718263,62,79986.74197609497,987.1376070976257,-0.20340328915714623
2.1,4,0.008688051266069863,62,79850.44037390944,987.9959743022919,-0.20722978016010685
2.1,4,0.010024792150966633,62,79798.74635654403,987.1052606105804,-0.20622162294406032
2.1,4,0.005077324899131153,62,79928.39653100324,987.3379774093628,-0.2042511241015459
2.1,4,0.00881278816211184,62,79814.92651155156,988.7732999324799,-0.20177799618946102
2.1,4,0.012026777314730008,62,79782.15935949642,988.1655783653259,-0.20745403004402374
2.1,4,0.008635695076470107,62,79965.08231712147,987.6766836643219,-0.19949579351773217
2.1,4,0.008807521925893624,62,79846.77063580288,989.3032145500183,-0.20405038569730305
2.1,4,0.011749967927537242,62,79814.47857820994,989.2308206558228,-0.20146263339960857
2.1,4,0.011303748667478075,32,79800.7446149925,987.8389978408813,-0.2019800706556112
2.1,4,0.01055131033445944,62,79777.85310054316,989.3548243045807,-0.2051906551240097
2.1,4,0.011532667154547482,32,79848.75395099072,987.6093649864197,-0.2015984829585309
2.1,4,0.010729611557610319,62,80007.45543729825,987.3598370552063,-0.20147843464060222
2.1,4,0.009071981210973412,62,79707.85947269622,989.1839570999146,-0.2015537233932303
2.1,4,0.011088350735379837,62,79765.66531336332,988.5950360298157,-0.19935780266071013
2.1,4,0.011946656349969942,32,79759.09767412739,989.3105943202972,-0.1967952476818906
2.1,4,0.013291417862757449,62,79914.51060470866,989.3288178443909,-0.19966143041992712
2.1,4,0.007972614030391068,62,80001.58921752106,987.8961086273193,-0.20052267821045255
2.1,4,0.010587578357365679,62,79927.23776177102,988.8421058654785,-0.19897685745931093
2.1,4,0.013216858364956341,32,79869.8246198861,988.6361508369446,-0.20074412380952267
2.1,4,0.00509058559583675,62,80041.97983190112,989.0658030509949,-0.20268155791981624
2.1,4,0.011452764743819621,62,79838.48881245666,988.5930709838867,-0.19863311740774603
2.1,4,0.005594207764199943,62,79766.45955279452,988.186604976654,-0.20108119511270028
2.1,4,0.009509570669433032,62,79829.92783749392,988.1941995620728,-0.2019960366482223
2.1,4,0.007418121631304508,62,79937.64511930183,988.0437843799591,-0.19977568290219483
2.1,4,0.008256083458535457,62,79908.90499616554,986.5891168117523,-0.20030281240278702
2.1,4,0.011022244216236654,62,79906.16715795649,989.3189969062805,-0.19522582654889598
2.1,4,0.008480898872123888,62,79907.23017344384,987.8621470928192,-0.20039555202219694
2.1,4,0.008861833467361357,62,79839.62219919203,988.4260277748108,-0.20373068962154428
2.1,4,0.007984205134686562,62,79790.83672666573,987.611162185669,-0.2027881092592474
2.1,4,0.009408781037069769,62,79841.73530321528,988.0577926635742,-0.20354748481009022
2.1,4,0.008303226249314566,62,79948.54635598666,988.1050934791565,-0.20248272635241293
2.1,4,0.007685570433593192,62,79867.94751540046,988.3624792098999,-0.20247637551412456
2.1,4,0.010190012689965222,62,79763.92398318088,989.2878756523132,-0.20477372677884498
2.1,4,0.010238446101022536,62,79686.76138179505,987.319338798523,-0.20700598359134714
2.1,4,0.01302902955976748,62,79972.3151498634,987.3581347465515,-0.20479965733448946
2.1,4,0.008383316682502695,62,79992.66323929498,987.5543365478516,-0.20329873323817038
2.1,4,0.010231262545990827,62,79801.07726503181,989.9322395324707,-0.19922786262601488
2.1,4,0.010139074447966134,32,79867.38249181112,988.8912780284882,-0.20060877799272503
2.1,4,0.008816730352767532,62,79976.4835119111,986.8739321231842,-0.2024056081550356
2.1,4,0.010795606368165345,32,80030.74008885724,986.744934797287,-0.2030095600562314
2.1,4,0.006907388813780724,62,79895.35576296828,987.9774570465088,-0.19920387130330375
2.1,4,0.008667370954630993,62,79767.24264568706,988.5613422393799,-0.20250798330209885
2.1,4,0.005570835523657891,62,79913.25032926822,986.5150587558746,-0.20432967309902716
2.1,4,0.008295350174998717,62,79877.10888105165,989.2409563064575,-0.20011400551207892
2.1,4,0.010959749259740637,62,79868.97975221967,987.7964744567871,-0.1975163661740469
2.1,4,0.006428121179671731,62,79824.57936588101,988.8085918426514,-0.20068025609578166
2.1,4,0.0082923800800625,62,79849.32647661325,988.8455390930176,-0.1978326348732864
2.1,4,0.006087841177580877,62,79865.71936284329,986.7366721630096,-0.20190762285034158
2.1,4,0.009541555100013532,62,79774.96037038161,988.0679302215576,-0.20257285921218315
2.1,4,0.013319174544202728,32,79793.69290462059,988.3605139255524,-0.1991646277293153
2.1,4,0.011874982183279315,32,79740.62238260447,989.0212423801422,-0.20399682783032924
2.1,4,0.00745657552442891,62,79961.30536655431,988.0307178497314,-0.20403813390845937
2.1,4,0.006380018330555792,62,79892.87999201484,987.1232919692993,-0.19998626460252766
2.1,4,0.008752796547015773,62,79837.43422695778,988.2725806236267,-0.20519682664892813
2.1,4,0.014640775840793818,32,79802.3353951843,988.1227989196777,-0.20569944574718124
2.1,4,0.011935823835576898,32,79789.23523226034,987.9201202392578,-0.20174143435293979
2.1,4,0.010148618375519725,62,79849.9041300957,989.7927486896515,-0.2042574176075831
2.1,4,0.0077318670021688796,62,79856.08131332454,987.5633060932159,-0.20210750995814886
2.1,4,0.008552830711035853,62,79868.7123390968,989.1639597415924,-0.20814356197807826
2.1,4,0.008587502804034752,62,79967.42869696592,988.5362315177917,-0.20660265230978525
2.1,4,0.009590404616413917,62,79813.37036711312,987.7662482261658,-0.20339216587238784
2.1,4,0.011761517103545671,62,79771.04775339308,987.8636693954468,-0.20119189262384896
2.1,4,0.007315512544226355,62,79834.40260756339,988.963273525238,-0.1994724213618333
2.1,4,0.009654049733122783,62,79861.28293619893,987.9440765380859,-0.2079200578653786
2.1,4,0.01082383436150769,62,80001.45365036544,989.1328754425049,-0.199479408321394
2.1,4,0.012585572291961,32,79764.67516505091,989.0416157245636,-0.20269996994768635
2.1,4,0.011175743267932692,62,79862.39895466808,988.5953767299652,-0.2045786222901147
2.1,4,0.006281824603645791,62,79810.18297989819,988.0676193237305,-0.20107183599389145
2.1,4,0.011677839300154425,62,79739.95805217656,988.870442867279,-0.19755756416461012
2.1,4,0.008115977210989112,62,79881.5656005855,988.9938220977783,-0.2076013063242852
2.1,4,0.006973614849907328,62,79863.05260005279,988.5848579406738,-0.1996113835233031
2.1,4,0.012804696310941388,32,79709.81851402787,986.9885954856873,-0.20408604518021067
2.1,4,0.010734163199849434,62,79811.00809451843,988.42329454422,-0.2058963756339962
2.1,4,0.008056323095105178,62,79875.67735696475,987.8437557220459,-0.1996316656719428
2.1,4,0.013843922891583205,32,79864.03101874972,988.9985837936401,-0.20408303821479556
2.1,4,0.005598209014476385,62,79886.23119188499,989.1484532356262,-0.20311272801218827
2.1,4,0.007995462362813122,62,79874.12784606632,987.1481342315674,-0.19978378829910737
2.1,4,0.01053741867153235,62,79865.66254179501,988.8866481781006,-0.20056015580603304
2.1,4,0.005164616310696868,62,79913.4255780139,988.612987279892,-0.20107543858721377
2.1,4,0.01006661052042146,62,79765.72074826671,987.4657642841339,-0.20404988620394304
2.1,4,0.012574863446934703,62,79735.71648626051,988.8555908203125,-0.21014695543734563
2.1,4,0.005330755805641907,62,79850.18404133877,989.3656837940216,-0.2045182233287015
2.1,4,0.013138377338014706,62,79794.25008568772,989.0472872257233,-0.2066122916732882
2.1,4,0.010334790032190622,62,79734.43154248102,988.7121772766113,-0.1996437740401522
2.1,4,0.009753437440532586,62,79893.67204526941,988.9574251174927,-0.19991515176314056
2.1,4,0.009504163984119351,62,80046.1049675376,989.8799290657043,-0.2070631094965758
2.1,4,0.009280116580263176,62,79953.094340493,989.5978102684021,-0.20177990905259735
2.1,4,0.012309771692276428,32,79732.26307629223,988.7734365463257,-0.20429955965939484
2.1,4,0.01298882262163037,62,79844.96896461686,990.0240609645844,-0.2057316359437198
2.1,4,0.007345414566328756,62,79860.35524691867,987.9064602851868,-0.20516101397014874
2.1,4,0.011830630974195788,32,79796.19745650192,987.5338397026062,-0.20531034407020554
2.1,4,0.011174578736614649,62,79902.6311986387,987.9559264183044,-0.2070281587598526
2.1,4,0.00877393773280799,62,79811.05113556031,988.5450510978699,-0.1975134174192663
2.1,4,0.010971770969278705,62,79836.47180724097,989.1807956695557,-0.20447960828755685
2.1,4,0.007546106383139239,62,79802.46884404593,986.9186887741089,-0.2051810122293578
2.1,4,0.010110975604740613,62,79962.41144341836,985.8088853359222,-0.2016226475504881
2.1,4,0.012560233458449144,62,79819.61882151366,987.297842502594,-0.20438865530418138
2.1,4,0.009811117753609544,62,79859.54943149675,989.4176304340363,-0.2042554818451825
2.1,4,0.01159075738237103,62,79894.30056819323,988.6219210624695,-0.20287247670017883
2.1,4,0.00969421721530539,62,79802.11353247527,988.1888949871063,-0.20473581586117096
2.1,4,0.0070197890752177194,62,79953.18149700339,987.9627997875214,-0.19906573696083796
2.1,4,0.009845425952037079,62,79952.84554440946,987.4058675765991,-0.2049339664737979
2.1,4,0.008740320346716679,62,79861.67945366882,989.6457378864288,-0.19734873355706295
2.1,4,0.012160300015669367,62,79776.34027357488,987.9047477245331,-0.20192365765312537
2.1,4,0.013858222262820519,62,79768.3752481447,988.378015756607,-0.20436308610326037
2.1,4,0.005706082380501076,62,79851.20355956527,986.4408745765686,-0.2035496603197957
2.1,4,0.012228739781130482,62,79796.83641689918,990.2320957183838,-0.19982121869369696
2.1,4,0.005570702567208929,62,79906.25343186271,987.3087496757507,-0.20247194430371374
2.1,4,0.0071699777194664804,62,79947.89138878505,988.2147085666656,-0.2008962149807496
2.1,4,0.00581728782640889,62,79879.6595608008,988.1239604949951,-0.198973832843649
2.1,4,0.007826541670956644,62,79931.16191519414,988.346652507782,-0.19855771547547363
2.1,4,0.006415994927159385,62,79966.5577412926,987.1707382202148,-0.20682513905329314
2.1,4,0.01399298640105684,32,79873.10665908105,986.8633503913879,-0.20156804905936454
2.1,4,0.008330056349949544,62,79880.0588715457,988.443193435669,-0.20337287430521878
2.1,4,0.00990952325625205,62,79966.37328479718,989.2915496826172,-0.20286267899184351
2.1,4,0.010272866352878385,62,80058.30670619622,987.9794158935547,-0.19949466854163145
2.1,4,0.008959491260773333,62,79772.76741039536,989.3359112739563,-0.2018418376160378
2.1,4,0.00807157880472209,62,79902.40757180193,986.0782513618469,-0.20300031612574165
2.1,4,0.009021298226612018,62,79819.11179168492,989.911374092102,-0.19979310418186258
2.1,4,0.011712396980000594,62,79928.12530412467,987.5981755256653,-0.20481841899993802
2.1,4,0.013414812427231304,62,79915.56845510812,988.4548988342285,-0.20009724963860087
2.1,4,0.008873349429891597,62,79912.24393358192,988.7210583686829,-0.19721991162867725
2.1,4,0.008993295492830455,62,79906.17973895231,988.4670829772949,-0.20369001744407567
2.1,4,0.008496290182979038,62,79827.18327097196,987.3679654598236,-0.2064166350502299
2.1,4,0.012034014571856044,62,79756.31954956784,989.2671189308167,-0.20852227491486652
2.1,4,0.004961489170152156,62,79811.72854227296,988.5195913314819,-0.20319741591114315
2.1,4,0.011672844545767447,62,79729.67408982269,987.7264804840088,-0.20449227600174957
2.1,4,0.010838707304217099,62,79746.96066047612,988.7788245677948,-0.20207385197321348
2.1,4,0.008514872831383524,62,79838.27858539321,987.3266487121582,-0.20546672925831277
2.1,4,0.01137364025560883,62,79999.13638319219,986.9655084609985,-0.19928820767363264
2.1,4,0.007406903342896953,62,79927.53716826318,988.5141279697418,-0.20679702425850444
2.1,4,0.006930033288766513,62,79895.12152306666,988.0418570041656,-0.20304246961368455
2.1,4,0.010337017523481151,62,79880.64181459279,988.2400517463684,-0.2030840849798219
2.1,4,0.00794451327693002,62,79810.23830020924,988.9449203014374,-0.20440953520013871
2.1,4,0.007850800667534852,62,79880.83562478067,985.7368514537811,-0.200760682767255
2.1,4,0.007147397854616155,62,79857.39686982504,988.8970575332642,-0.2036070052983574
2.1,4,0.00887964058482238,62,79829.7493110199,989.8009209632874,-0.2007414552262725
2.1,4,0.014448814323249515,62,79757.16263814826,987.964192867279,-0.20170308876848564
2.1,4,0.008311173529176763,62,79865.35387934498,988.1447596549988,-0.206555317938087
2.1,4,0.008524019168575148,62,79952.31316348659,987.8820102214813,-0.20538110770497386
2.1,4,0.007581381612085991,62,79868.2848897555,987.8290708065033,-0.2012508201037364
2.1,4,0.013774929032422722,62,79922.08454513052,987.7315902709961,-0.20483732615292993
2.1,4,0.009443163125436804,62,79843.51685129019,988.9066898822784,-0.2023334374300214
2.1,4,0.012293119045746259,62,79889.20164465082,987.3828544616699,-0.20126801928085092
2.1,4,0.009867763172529465,62,79806.6713847001,987.7711396217346,-0.20219879824900366
2.1,4,0.012857253367606347,62,79825.73200890659,987.9846413135529,-0.20225366458113814
2.1,4,0.010224292719663186,62,79673.0000390361,987.0886244773865,-0.2022088349760487
2.1,4,0.006795692917025864,62,79954.4912742058,987.0760462284088,-0.20395309602277067
2.1,4,0.00600355953312226,62,79865.91735023922,987.4682035446167,-0.20151823683993442
2.1,4,0.005658076455017813,62,79940.161309528,986.1923666000366,-0.20367484792586832
2.1,4,0.015059684112736615,62,79835.68982196825,990.1745076179504,-0.19886613547035248
2.1,4,0.010797964154356077,62,80057.82545088087,987.3835010528564,-0.2086025342485638
2.1,4,0.006512718989374555,62,79825.21078350682,989.1288857460022,-0.2044523564467451
2.1,4,0.007053263027982926,62,79801.2797132623,988.9835805892944,-0.20246741680079872
2.1,4,0.01253450177750981,62,79979.78962863453,988.0200562477112,-0.2006368307138815
2.1,4,0.012118415479630773,62,79843.72410717087,988.0672569274902,-0.20433517994031347
2.1,4,0.013039926625382225,62,79792.60342248532,987.3198666572571,-0.20688603143466655
2.1,4,0.010915866384987538,62,79750.17992446126,988.9269227981567,-0.20210122218447135
2.1,4,0.012488169342188105,62,79907.95022468864,988.2995891571045,-0.2028937208074777
2.1,4,0.007433386477726511,62,79921.51494325192,987.1017220020294,-0.2050304216356269
2.1,4,0.008705178880699105,62,79884.9350113172,989.1461563110352,-0.20255638263073794
2.1,4,0.008190901121858385,62,79848.10087439643,988.124284029007,-0.20595396852302938
2.1,4,0.006765106289218004,62,79846.91555775663,988.6223678588867,-0.20160231985232224
2.1,4,0.008633579338649167,62,79843.2618883377,987.9514513015747,-0.20491534968808378
2.1,4,0.005173032650357179,62,79789.86055028578,987.9747455120087,-0.2030497892703209
2.1,4,0.008419714907689446,62,79893.7909153347,988.3465895652771,-0.19789770119551497
2.1,4,0.010779764103136635,62,79927.4328839022,988.9963536262512,-0.20349769846467836
2.1,4,0.008872532507791853,62,79900.4674002409,989.7548975944519,-0.20455914347849236
2.1,4,0.006741719216951658,62,79899.67883198889,987.93323802948,-0.19886955694651198
2.1,4,0.0077612432352802685,62,79836.01383719961,987.3145468235016,-0.20988862971846411
2.1,4,0.007774330797438278,62,79869.83879415714,987.0597686767578,-0.2052793688094141
2.1,4,0.008995809130805998,62,79836.92815359875,988.5442790985107,-0.20373073920850682
2.1,4,0.010506504067440137,32,79714.15093933741,988.3312513828278,-0.19936044208115278
2.1,4,0.006057506844482141,62,79876.39165048997,988.447794675827,-0.19931597650681798
2.1,4,0.006362769158636539,62,79764.15077474798,988.5464558601379,-0.20233516733008838
2.1,4,0.014473760506745759,62,79754.6214917855,989.1624073982239,-0.20219830711024334
2.1,4,0.008399363597485277,62,79789.76557742852,988.3798158168793,-0.20780328283450933
2.1,4,0.009105581258909368,62,79712.00118375284,988.2213387489319,-0.20531122829706794
2.1,4,0.007848357089593971,62,79815.91364740787,988.1219220161438,-0.20432762299191132
2.1,4,0.009058318747630967,62,79774.44298461707,988.5837244987488,-0.20426294522322785
2.1,4,0.006695086969286557,62,79780.47822633576,988.5763249397278,-0.20523157527151392
2.1,4,0.006186011207593101,62,79914.17501486947,987.6238780021667,-0.20338520989682962
2.1,4,0.00916319324797854,62,79849.06113628265,988.1963758468628,-0.20391281267818084
2.1,4,0.006297084181852153,62,79935.65377430795,988.2225060462952,-0.20634885535620384
2.1,4,0.007324098124654732,62,79888.01817365777,988.839599609375,-0.2025025846952011
2.1,4,0.010305302555747797,62,79827.98793963253,988.5033798217773,-0.2016597902869497
2.1,4,0.007397636064305324,62,79807.07300967672,989.1355698108673,-0.20219872323957655
2.1,4,0.011635280791477243,62,79813.80699080977,989.04554271698,-0.1984933478326274
2.1,4,0.010222236196436363,62,79812.75127556337,989.090654373169,-0.2006713957963564
2.1,4,0.013168896432175448,62,79646.30246067313,987.7607979774475,-0.2041898528620143
2.1,4,0.013928224787775889,62,79827.80859358705,990.2114500999451,-0.20086846463335295
2.1,5,0.011519606156006557,27,87458.50626762137,989.3359704017639,-0.2458721126511343
2.1,5,0.011577678775140487,27,87514.0589639738,988.7252805233002,-0.25464580946675563
2.1,5,0.013594062155669828,27,87433.79870513878,989.4985642433167,-0.24915364290429398
2.1,5,0.013509526126116889,27,87434.63980059665,989.4562575817108,-0.2528162451857736
2.1,5,0.015821432523016377,27,87268.05719723327,988.4795258045197,-0.26077499864725984
2.1,5,0.012866627059608948,27,87386.81944035909,990.5315892696381,-0.2554015863869603
2.1,5,0.012277149434529733,27,87363.87514724294,988.7473549842834,-0.2495419726102519
2.1,5,0.01004941844230789,27,87462.87681557385,989.5606360435486,-0.24898653895074596
2.1,5,0.011297012848241916,27,87343.94431433291,989.3920783996582,-0.25043327295218654
2.1,5,0.0129464151431673,27,87388.24519192432,989.474422454834,-0.2532871778461909
2.1,5,0.014586609419630303,27,87396.04436395271,990.3686437606812,-0.2516654253804198
2.1,5,0.013374693657135506,27,87409.92121602719,989.2980680465698,-0.24900820707527704
2.1,5,0.014649440793322643,27,87388.23264001822,990.9089040756226,-0.24926100145672558
2.1,5,0.006425041822382127,27,87302.05583196088,989.5829086303711,-0.2527073318614932
2.1,5,0.014645388168702755,27,87321.38648258547,988.8027620315552,-0.25305110640184525
2.1,5,0.014339351654766297,27,87317.1833021413,989.7861378192902,-0.25441782828157233
2.1,5,0.01046392306403332,27,87317.040066718,990.5114188194275,-0.25065356918503867
2.1,5,0.011983230982011595,27,87331.00699532348,989.951657295227,-0.25529767599276787
2.1,5,0.01167995647363762,27,87292.32010462841,990.541540145874,-0.24834968122981604
2.1,5,0.01161493255629198,27,87436.84399486057,991.1437487602234,-0.25076437879323765
2.1,5,0.010335354454898749,27,87327.95215280131,989.4984147548676,-0.25052417569662233
2.1,5,0.010660422666536107,27,87267.62232566379,989.0379705429077,-0.25680592240130307
2.1,5,0.01293833366243069,27,87406.22022459331,990.2973966598511,-0.25674239492531026
2.1,5,0.015051381472610537,37,87303.85356390732,989.3690342903137,-0.25175240856647085
2.1,5,0.01310598342736613,27,87497.20218161176,990.2513475418091,-0.24890196170113454
2.1,5,0.009967231553341449,27,87261.43278799293,990.3851110935211,-0.25705291693779864
2.1,5,0.009656332641228893,37,87285.2623857245,989.0226438045502,-0.2522976125855021
2.1,5,0.013454727680370926,27,87230.17438579691,989.6424989700317,-0.2530573702852261
2.1,5,0.013859288088163613,27,87431.66483309759,988.7418282032013,-0.24908827687904944
2.1,5,0.01394986902159534,27,87424.88195068364,989.2817163467407,-0.2495265561142601
2.1,5,0.012523215442040492,27,87352.09254703467,990.8071799278259,-0.2541481940388599
2.1,5,0.0123371590891872,37,87268.52727098718,990.2364683151245,-0.2537420847537064
2.1,5,0.016588956000053834,27,87243.12667390924,989.3187162876129,-0.2521497211992836
2.1,5,0.006897205203300061,37,87184.53499637118,988.6467232704163,-0.2548592952751869
2.1,5,0.01333287873659117,27,87391.76595837218,990.1329782009125,-0.25301025855536485
2.1,5,0.011027636942130936,27,87303.2855159914,990.342212677002,-0.25147659708042824
2.1,5,0.012555059443787542,27,87399.74496588997,989.29256939888,-0.2529419037182912
2.1,5,0.013816865840513781,27,87277.3786135296,989.2188076972961,-0.2512637711345329
2.1,5,0.014887721364333029,27,87382.70455497695,989.0967991352081,-0.24961774949494564
2.1,5,0.012336133492263812,27,87354.47037019634,988.8588285446167,-0.252742725370378
2.1,5,0.010137766752348565,27,87206.86125009447,990.2334580421448,-0.24879242232515852
2.1,5,0.013110549755998235,27,87386.00560479095,989.978945016861,-0.24666576291113063
2.1,5,0.00730475030500477,27,87422.14432024481,987.7254920005798,-0.24576199611502636
2.1,5,0.013102852680135335,37,87277.76297947494,989.2058525085449,-0.2608041544856725
2.1,5,0.016995280280002856,27,87355.17373918773,987.7820014953613,-0.2536973274053447
2.1,5,0.013876254207532579,37,87244.77465655342,989.7732672691345,-0.251849126667425
2.1,5,0.011440269589663377,27,87320.15691594657,989.9053919315338,-0.25768074648468575
2.1,5,0.007396945510592445,27,87254.86400194721,989.462640285492,-0.2591513719124574
2.1,5,0.009793497445317545,27,87171.77560934331,989.4538090229034,-0.2539206962730831
2.1,5,0.014498083439822729,37,87264.54897187072,990.664981842041,-0.2500543858794262
2.1,5,0.010022358642925333,27,87402.4840140828,990.3055446147919,-0.2548714985438203
2.1,5,0.011469582013855284,27,87321.84291953013,991.2649712562561,-0.2500321598954869
2.1,5,0.010682879111716392,27,87400.9092170395,990.3123006820679,-0.24963126466979269
2.1,5,0.013050533255422714,27,87356.4224271549,990.8351144790649,-0.25405338250943976
2.1,5,0.008313916599592464,27,87430.78195104476,988.6370594501495,-0.2464949623263175
2.1,5,0.011154672424375178,27,87337.75892687138,989.5425672531128,-0.2488761859901638
2.1,5,0.0140068874194621,37,87387.55952096541,989.226212978363,-0.24922614582858493
2.1,5,0.01398560490428613,27,87239.15239378017,990.6610629558563,-0.25635355383499947
2.1,5,0.010054884302713951,37,87324.95612211003,987.788450717926,-0.24741677614956226
2.1,5,0.009943023560663011,37,87264.12670756568,988.9509053230286,-0.2584520751927346
2.1,5,0.014030097475181247,27,87517.86662168041,989.4120259284973,-0.2518508772037522
2.1,5,0.011519016029437168,27,87347.97893696549,989.1720798015594,-0.25150395271167336
2.1,5,0.009831734140283821,27,87311.74673219616,990.9665951728821,-0.25208856769211296
2.1,5,0.011298548944308706,27,87430.55920523056,990.8770031929016,-0.2482843529414147
2.1,5,0.011112388357879865,27,87339.48281698683,988.626140832901,-0.24933408086897435
2.1,5,0.01424589635072282,27,87406.76582346874,990.2633490562439,-0.24863031905952981
2.1,5,0.012174184439368574,27,87293.16528345572,989.3844041824341,-0.2572186297745316
2.1,5,0.014360458484761196,27,87418.09754275708,988.8852157592773,-0.2545027500016446
2.1,5,0.013530934945271245,37,87368.8507993443,989.1130919456482,-0.24859309469064317
2.1,5,0.013351569572108701,27,87362.38907681589,990.0918507575989,-0.2524423382275278
2.1,5,0.008995680864457345,27,87372.64882129453,989.4074854850769,-0.24936954777729525
2.1,5,0.010657795219672472,27,87394.05762045554,988.580620765686,-0.24789366181770922
2.1,5,0.00842267266337915,37,87379.30871794061,989.776445388794,-0.24957486815528251
2.1,5,0.011936069347488587,27,87327.97395438726,991.3418493270874,-0.25628842295022536
2.1,5,0.013757579418483434,27,87265.89154894707,989.8690671920776,-0.25667810565269633
2.1,5,0.013020346553553441,27,87463.09058534077,987.7576599121094,-0.24922207568887278
2.1,5,0.01505744714476931,27,87326.55598830873,990.5730605125427,-0.25637230128213884
2.1,5,0.008704173438879526,37,87308.49112628069,989.4718050956726,-0.25152863282644455
2.1,5,0.01443249235697408,27,87397.37087048075,987.9417161941528,-0.2577107766159852
2.1,5,0.00946949166850164,27,87346.40365024723,988.8872001171112,-0.2556384103554292
2.1,5,0.009783814094153964,27,87181.38744056429,989.9482824802399,-0.25799012573284275
2.1,5,0.009256632457349756,27,87500.32224191228,990.3859939575195,-0.24744108948400645
2.1,5,0.01015699131187775,37,87202.31315587481,990.3827548027039,-0.25814031102534374
2.1,5,0.012625252111707841,27,87268.07058921162,991.44509100914,-0.2513076650755306
2.1,5,0.008288374562668732,27,87376.31497688068,990.4115817546844,-0.24952170597382994
2.1,5,0.013629299633856728,27,87423.8335557531,989.2898910045624,-0.25510742020788113
2.1,5,0.01157559999452884,27,87291.06851710894,988.382835149765,-0.25493172903027195
2.1,5,0.012080404978395354,27,87250.49052141944,989.1336681842804,-0.2540672040343128
2.1,5,0.010825342261593374,27,87498.95061884212,989.9498982429504,-0.24379121032763074
2.1,5,0.013708022509436812,27,87363.68545144612,991.2682173252106,-0.25403485191506037
2.1,5,0.013864356452867543,37,87351.74696355683,988.6918559074402,-0.24799116471482652
2.1,5,0.00969738448279056,27,87286.51627998195,988.925351858139,-0.25542525313482933
2.1,5,0.010786562441423175,37,87333.72826651976,990.1953287124634,-0.25186642636128886
2.1,5,0.00980494176475899,27,87249.79907245089,989.7519278526306,-0.25274234663839423
2.1,5,0.01542885570989938,27,87333.16607807137,989.6808481216431,-0.25477988164949616
2.1,5,0.009914686958349517,27,87425.52221310402,988.5280055999756,-0.25293632219757956
2.1,5,0.0100223560512398,37,87332.01250828026,989.3704118728638,-0.25337191849283136
2.1,5,0.00863406798685551,27,87444.15889143167,991.2410652637482,-0.25127040772118914
2.1,5,0.014764288451500907,37,87371.72073833855,990.5976963043213,-0.25315617552324476
2.1,5,0.009993695889009668,27,87394.42277896065,990.1740097999573,-0.2520111583233857
2.1,5,0.013303970779010132,27,87364.30603578339,990.021315574646,-0.24897573730631395
2.1,5,0.01507914153467782,27,87425.68764753094,989.7846794128418,-0.2488237662540429
2.1,5,0.012931856829314192,37,87402.0894358549,990.1952471733093,-0.24956788726551205
2.1,5,0.005099990821298306,27,87449.94323466692,989.5470867156982,-0.25008786871546596
2.1,5,0.010280575966563177,27,87490.85319629643,988.0704433917999,-0.2468782403586849
2.1,5,0.008999424928056943,27,87263.54893138126,988.1015572547913,-0.24702806218481133
2.1,5,0.010818820265368956,37,87218.14843835136,990.0034503936768,-0.25414758403939475
2.1,5,0.009073068875839585,27,87350.12690473911,991.7402493953705,-0.2535214339913592
2.1,5,0.013761373880141647,27,87290.77351578943,989.3383293151855,-0.25979642197802
2.1,5,0.014865676585530174,37,87349.11849431475,989.5685806274414,-0.25123346129408763
2.1,5,0.008508435860180796,37,87331.31548879511,990.1569366455078,-0.2537028885869772
2.1,5,0.012822406997961,27,87403.43852383697,989.6466727256775,-0.2543492077985312
2.1,5,0.014730308099334621,27,87479.86522140777,991.0253615379333,-0.25290086241659626
2.1,5,0.014987211626859231,27,87366.34346852232,989.9181237220764,-0.2529337194015415
2.1,5,0.01034385869074228,37,87418.68460742025,989.2793407440186,-0.25136617685826823
2.1,5,0.00990575867639798,27,87384.58373060676,990.4075992107391,-0.25475576911132825
2.1,5,0.01492125370415831,27,87391.22241760038,990.7776749134064,-0.24996830516686463
2.1,5,0.0121824998708564,27,87414.95448803809,988.487190246582,-0.2501757849535913
2.1,5,0.013265961954822991,27,87403.21537455522,988.3428201675415,-0.24902539958718362
2.1,5,0.012893487433798256,27,87387.41619449171,989.6174581050873,-0.2505512150942397
2.1,5,0.013968168930974745,27,87402.38810155216,989.2952265739441,-0.25109328115326424
2.1,5,0.01304241360491254,37,87444.79732645085,988.478334903717,-0.24772585357901677
2.1,5,0.008167845242537108,27,87243.77483971986,988.4733619689941,-0.25654769453107495
2.1,5,0.016394660059357857,27,87311.15006424223,990.0861132144928,-0.24742430935445192
2.1,5,0.015808480040952144,27,87493.06380538347,989.7553114891052,-0.25168001805481177
2.1,5,0.013410208176828586,37,87291.66444369448,988.5661325454712,-0.25345594417889994
2.1,5,0.013657382471128354,27,87339.26961899578,988.9147429466248,-0.25087189907757934
2.1,5,0.014502052718023073,27,87303.53410913827,989.722662448883,-0.26089929291787683
2.1,5,0.01096406702623387,27,87392.91143252827,988.985851764679,-0.2484635999551108
2.1,5,0.009519003755829036,37,87304.09964982423,987.6029889583588,-0.2547490538851649
2.1,5,0.008480582946920556,27,87402.09716662669,990.5595242977142,-0.253997537160946
2.1,5,0.013873335769579054,27,87439.73751808965,989.2032356262207,-0.2561051171945474
2.1,5,0.01019386704720171,27,87291.83941042537,988.1089315414429,-0.2570709803414304
2.1,5,0.013594368108864607,37,87274.62117619923,989.0567483901978,-0.2504453683140837
2.1,5,0.014303771936779341,27,87257.30080965193,990.424144744873,-0.2529215668475939
2.1,5,0.014489490643149416,27,87332.39458519395,988.4351511001587,-0.24923689320017872
2.1,5,0.011312920200179821,27,87375.47949726599,990.8348488807678,-0.2525964190107046
2.1,5,0.01604995840143042,27,87227.17180798316,988.3700952529907,-0.2508834542115401
2.1,5,0.008985808824350627,37,87252.17686597213,989.2672798633575,-0.26037753247672124
2.1,5,0.009349428075335897,37,87271.20827252125,989.40070104599,-0.2572751103401367
2.1,5,0.012111092001120038,27,87354.78756502205,989.4898443222046,-0.24965495920836323
2.1,5,0.009550890836094172,27,87409.29510457464,989.4999661445618,-0.2504639065759706
2.1,5,0.009250254756012932,27,87357.93671134135,988.2003421783447,-0.26038728377177023
2.1,5,0.011303900329221683,27,87316.6322999396,990.6572153568268,-0.24930351263498585
2.1,5,0.011939332296960092,37,87389.06179197523,988.877299785614,-0.25695575478187793
2.1,5,0.015173857737693641,27,87241.10393513858,991.0835156440735,-0.25040710893016604
2.1,5,0.014900381325086975,27,87425.17964880922,989.2922840118408,-0.25008679731681016
2.1,5,0.010322032822628557,27,87282.02456018057,989.6355023384094,-0.25267597029336875
2.1,5,0.01398939754018258,27,87250.56723967989,989.3481631278992,-0.24935405781440112
2.1,5,0.00629054781647298,27,87293.82771812755,991.9306478500366,-0.2544330113395934
2.1,5,0.010915807643139708,27,87386.44086404359,990.5166635513306,-0.24849793228796702
2.1,5,0.010302095447190851,27,87338.71960549109,990.2539339065552,-0.25552199034470213
2.1,5,0.011581615497500586,27,87406.61700993979,989.9532737731934,-0.25433129224453443
2.1,5,0.010050908715958595,27,87309.85586049187,990.5689606666565,-0.2519139490971649
2.1,5,0.014041771944196313,37,87262.32425920435,988.8518981933594,-0.25503232330293835
2.1,5,0.01041655258820029,27,87271.33720332016,987.1588575839996,-0.25546363374842684
2.1,5,0.011987011123501645,27,87431.02293465544,990.5095529556274,-0.24712985745118266
2.1,5,0.014403133093825016,27,87379.81041501692,989.8101410865784,-0.25360853258424854
2.1,5,0.012338590025854579,27,87282.4274628007,990.7366816997528,-0.2553559462822754
2.1,5,0.013860528609303202,27,87341.24203266778,990.3527715206146,-0.25398877536036335
2.1,5,0.007873019833009476,27,87291.65895969661,988.4602656364441,-0.2532849902731673
2.1,5,0.011721407321692912,27,87429.00113161549,989.8237500190735,-0.25218447623239926
2.1,5,0.015082747322947565,27,87482.85446387026,990.2076144218445,-0.24578911935774062
2.1,5,0.01350959383687833,27,87229.47203479325,990.1806511878967,-0.2603359730474999
2.1,5,0.012588800830728886,27,87377.87578846505,990.2465100288391,-0.2556622964005162
2.1,5,0.012309410826791822,27,87436.15366710573,988.3280348777771,-0.25225718362380567
2.1,5,0.00560760789244652,27,87422.90445496698,989.1471939086914,-0.2535640743530916
2.1,5,0.011104212929290203,27,87249.6379872511,990.0035655498505,-0.2546910535679203
2.1,5,0.014059391134668253,27,87302.69866663634,989.9598977565765,-0.25228864959448316
2.1,5,0.012817823943293227,27,87293.10310807303,990.5634288787842,-0.25420351842910494
2.1,5,0.01258611859743608,27,87389.53172156312,989.712678194046,-0.2616331016931108
2.1,5,0.00760873713676169,27,87378.0863532539,989.0347967147827,-0.2526819875428943
2.1,5,0.01196706806177339,27,87436.85694586975,991.463860988617,-0.25610386793002227
2.1,5,0.007157602811017849,27,87424.2703909578,989.2697999477386,-0.252289808287538
2.1,5,0.009184638872531181,27,87327.93995405363,989.9486870765686,-0.25279350714255955
2.1,5,0.015443806202848798,37,87231.79730878673,990.7730140686035,-0.2562946681425846
2.1,5,0.009329279327115358,37,87440.67017652463,989.1293702125549,-0.24924752272220618
2.1,5,0.014503810523889715,27,87330.55723134833,992.3513517379761,-0.25753519365294064
2.1,5,0.013857498811993274,27,87388.80979342222,988.7234830856323,-0.2513424559009383
2.1,5,0.00792510968464688,27,87364.09257475339,989.4066061973572,-0.25316891512733664
2.1,5,0.01218454273197711,27,87407.87390589675,990.2893059253693,-0.258025859406511
2.1,5,0.01445450188783548,27,87416.31471282641,989.0545675754547,-0.2541570814803584
2.1,5,0.013710179774351072,27,87209.84709390608,989.6604681015015,-0.2558078876689691
2.1,5,0.013187557205696088,27,87364.53318328098,990.0330061912537,-0.24984258270668147
2.1,5,0.010224632465415162,27,87344.85684026271,989.1245830059052,-0.24461121126235708
2.1,5,0.014894823884308295,27,87262.63798419846,988.3790798187256,-0.2534402102412092
2.1,5,0.0152411899196907,27,87277.70415530157,990.745952129364,-0.250598187044879
2.1,5,0.012522655762839285,27,87432.17204677558,988.981098651886,-0.2526953804568315
2.1,5,0.009567280788444599,27,87438.52382469349,989.0137646198273,-0.2517203449748804
2.1,5,0.011010721207481478,27,87337.45924369564,989.6808729171753,-0.25420591343689414
2.1,5,0.010813574760281774,27,87321.99606624524,990.7678890228271,-0.2506841544457039
2.1,5,0.010081236540123495,27,87334.8437214182,990.5880198478699,-0.2525737296479229
2.1,5,0.009092991683230078,27,87392.84960583042,989.3917412757874,-0.2517063053361368
2.1,5,0.013179172067093958,27,87367.01657110991,990.3669576644897,-0.2637045571260881
2.1,5,0.015615195710710683,37,87443.52296711388,989.074853181839,-0.24675049191791643
2.1,5,0.01354049783728728,27,87398.04619315214,990.3194606304169,-0.2536613113889017
2.1,5,0.014701238705036701,27,87466.217671588,988.9652683734894,-0.251833189175102
2.1,5,0.012445123820324255,27,87490.5909914101,989.2643594741821,-0.2563451630495446
2.1,5,0.008225056834500144,27,87353.90423832819,990.6797294616699,-0.2566552708721739
2.1,5,0.010653529272020457,27,87467.81376888014,989.6083550453186,-0.2537346393814337
