2.1,1,4.956767171604426e-05,182,80067.34091326491,0,0.03102325800142447
2.1,1,0.0007928276927464672,115,80299.53999589491,0,0.03207502816801888
2.1,1,0.00012232194905736904,200,80622.62490235199,0,0.00012232194905736904
2.1,1,0.0002692616417911964,34,80443.70799338009,0,0.01733658642255742
2.1,1,0.000934039410017462,39,80368.4579953392,0,0.029731070489716682
2.1,1,0.0006906780757724995,110,80463.41462589506,0,0.027350771678367636
2.1,1,0.0016567754113925304,53,80499.09100408474,0,0.015133482521245245
2.1,1,0.0024964428443778885,39,80489.70680893815,0,0.013270521237847
2.1,1,0.0013463271849132319,191,80529.36539783268,0,0.0279860242824026
2.1,1,0.0004920983373470911,49,80478.87912786679,0,0.030466796119004158
2.1,1,0.0007955992662127542,185,80627.24284402982,0,0.026655434301228187
2.1,1,0.0009839338041710555,34,80386.78602282824,0,0.029305637669141404
2.1,1,0.0003301782956381949,24,80420.9182649948,0,0.026565219737618495
2.1,1,0.00039824440970681607,35,80704.37734362231,0,0.00795793750729512
2.1,1,0.00021574645304900386,51,80461.40132230842,0,0.024991975713066328
2.1,1,0.0013965767042636301,35,80452.19762121956,0,0.02489026608159417
2.1,1,0.0027317143745015926,35,80505.14337892784,0,0.018321008437470976
2.1,1,0.0005331484425910027,34,80671.7262994626,0,0.022557708762262152
2.1,1,0.00041515840105033064,64,80431.24897692424,0,0.026018040865089187
2.1,1,0.0007283154653090484,39,80528.23657148409,0,0.023009196029021073
2.1,1,0.0009663261342396368,35,80636.22654001623,0,0.027985132794110523
2.1,1,0.00024598434937184166,39,80388.19514723294,0,0.018812995485975037
2.1,1,0.000911332690440414,35,80399.84076046952,0,0.020926339903984736
2.1,1,0.003156353729594219,39,80618.00545387533,0,0.0312167283067053
2.1,1,0.0004789750657576697,34,80391.19427541635,0,0.021926792800996964
2.1,1,0.0013621456047334668,200,80221.76259102306,0,0.0013621456047334668
2.1,1,0.0025589425223220275,140,80340.20100391719,0,0.02280510805215119
2.1,1,0.004338897600375979,68,80295.3165414394,0,0.023845712633286276
2.1,1,0.0002847288712768403,104,80348.92600928045,0,0.024638476895635808
2.1,1,0.0029093772744932522,39,80524.52342110903,0,0.029057626899807065
2.1,1,0.0029795274923980486,38,80412.7423477948,0,0.018256698436887486
2.1,1,0.0029753024390917204,35,80530.58019950063,0,0.024560010193716675
2.1,1,0.0009118137519696923,24,80550.80054018374,0,0.009669864029853148
2.1,1,0.0009897692454075013,39,80581.13339059713,0,0.026220218601784584
2.1,1,0.0016754355080745853,40,80276.52512676374,0,0.010340067807855569
2.1,1,0.0024233568996443466,39,80543.37272104963,0,0.02364110224628657
2.1,1,0.0009488648241036124,34,80693.68490544276,0,0.014234334200444287
2.1,1,0.00011457561687633344,148,80622.49562015026,0,0.02604489853459313
2.1,1,0.0006682164255216172,39,80215.2431070335,0,0.020526968511525467
2.1,1,0.0012794273871992168,146,80329.00999104301,0,0.028066393810692425
2.1,1,0.0017960366937543881,39,80152.6455755446,0,0.004603942992252641
2.1,1,0.0025290074613839586,55,80379.37031885401,0,0.02201152150300123
2.1,1,0.0003631809068660452,150,80358.77241149671,0,0.021930396949464193
2.1,1,0.0008492306321170595,39,80301.13500413236,0,0.011157924195451585
2.1,1,0.002126743963751565,192,80400.65377570054,0,0.019976362173338646
2.1,1,0.001182496636374708,159,80414.03253571577,0,0.023899649223216635
2.1,1,0.0026412294642583767,34,80585.2051536972,0,0.025292088445312277
2.1,1,0.0049817209469518176,38,80647.61468642238,0,0.03169366432951204
2.1,1,0.00015994259747964534,109,80503.20053351633,0,0.028830964894234867
2.1,1,0.000904863749126239,34,80592.4258063834,0,0.017058635480090345
2.1,1,6.505955135605035e-05,82,80542.4135380993,0,0.01884854854711593
2.1,1,0.0030030812585888356,24,80572.90073096882,0,0.02428379241734646
2.1,1,0.0017649045478207448,34,80557.24991590415,0,0.014410158966887465
2.1,1,0.0008431608572800897,62,80173.09791381433,0,0.03057171783079715
2.1,1,0.0004696612137351508,122,80381.11272661845,0,0.013377958601833662
2.1,1,0.0005490013919615677,39,80653.16136978888,0,0.02022840880401766
2.1,1,0.00031585296198954893,35,80320.41978243178,0,0.014166197980923112
2.1,1,3.823395099411542e-05,105,80633.8187560489,0,0.02021492527429647
2.1,1,0.00372606117653973,141,80527.29386057907,0,0.012828126383234828
2.1,1,0.002089602439364402,39,80569.35014268002,0,0.013872686837680615
2.1,1,0.0012275845030038646,39,80410.72563140311,0,0.022178715833416796
2.1,1,0.0017011782455425006,35,80641.10443362259,0,0.02399963821640272
2.1,1,0.0005347798386243774,64,80476.32866581806,0,0.024289842859491095
2.1,1,0.0005622640955542657,35,80587.72331830577,0,0.020237669110624523
2.1,1,0.0007336684635315116,35,80631.6665952139,0,0.010237154492285239
2.1,1,0.0004525306767657611,35,80424.02836416216,0,0.0332517739917817
2.1,1,0.0007805813010706153,111,80628.33350490419,0,0.02706684190266806
2.1,1,0.0016592706045499561,55,80428.23144808013,0,0.00686041980344676
2.1,1,0.0017510184376696714,95,80515.90467075739,0,0.024230854579440297
2.1,1,0.001272828455254782,24,80583.70093161658,0,0.014002105549943078
2.1,1,0.0029853840172737733,50,80406.09870334389,0,0.0277467502562061
2.1,1,0.0008635685983042762,49,80137.79727957786,0,0.016168899518845592
2.1,1,0.0003818535082205088,34,80727.32943622336,0,0.020363294912061125
2.1,1,5.875879223316005e-05,39,80355.77600106255,0,0.013387518538869436
2.1,1,0.002716206679456601,24,80622.94689884674,0,0.016954318318548545
2.1,1,0.0019226600791024673,39,80166.84552011853,0,0.02107914418218826
2.1,1,0.002256219261060899,39,80537.66104007959,0,0.020960530835798963
2.1,1,0.0037690063912729777,24,80565.35693065955,0,0.015434198401918398
2.1,1,0.00030448099962843145,34,80364.90033131861,0,0.015236236451975138
2.1,1,0.0004434478015102883,73,80568.93671939432,0,0.02455214913293169
2.1,1,0.0026590870368843333,37,80497.53644464364,0,0.01606512264333837
2.1,1,0.000496032654007994,24,80422.16420548841,0,0.01767413493515768
2.1,1,0.001745776574339608,34,80570.37474146442,0,0.020183673968341864
2.1,1,0.001168801696124433,169,80446.64964566802,0,0.027311560211201513
2.1,1,0.0006874888023657988,39,80678.92472048593,0,0.031198816200040724
2.1,1,0.0007528885777974281,187,80265.73029504491,0,0.01782234868310084
2.1,1,0.00010649603792955986,35,80243.58952984778,0,0.026117472662671393
2.1,1,0.0004746494785461408,70,80442.98965216172,0,0.022586894346792175
2.1,1,0.0016017565700576775,35,80431.29310747035,0,0.014440337492092059
2.1,1,0.0007990923973464348,116,80528.90628065243,0,0.018809754602607143
2.1,1,7.002524316046532e-05,39,80618.93938360312,0,0.028662011003007137
2.1,1,0.0018425813507589872,35,80497.44194475679,0,0.029082119378880833
2.1,1,0.0031533140655843894,38,80324.94256580023,0,0.018903449907258896
2.1,1,4.122450853438764e-05,118,80578.53590626655,0,0.02994172109691462
2.1,1,0.0007964313017514435,165,80182.79664026882,0,0.03238672585331415
2.1,1,0.0024390920454337994,81,80446.1802757811,0,0.02059008277395291
2.1,1,0.0025625244225651045,35,80358.41978169847,0,0.031802660308075215
2.1,1,0.0006592074902997958,143,80346.60636553059,0,0.022703421635895005
2.1,1,0.0008006489552672136,35,80274.88069653403,0,0.014580971461990444
2.1,1,0.001077972094756685,35,80753.29198914279,0,0.03431922412493105
2.1,1,0.002324482831681074,39,80316.02499186916,0,0.008321854800095174
2.1,1,0.0008307139021108689,122,80211.20206893762,0,0.022949318097354787
2.1,1,0.00028261460602774235,24,80329.71051128917,0,0.02546814196172953
2.1,1,0.0005891027100228818,108,80525.15098127646,0,0.03856031200770671
2.1,1,0.004040292649666544,38,80629.41031422885,0,0.028106988185978565
2.1,1,0.002505926006019177,171,80517.0865598432,0,0.01563776634008951
2.1,1,0.0024355404644631484,39,80591.48041501436,0,0.028384685627984574
2.1,1,0.0011610028540367523,35,80650.67281627422,0,0.03399236242412895
2.1,1,0.0036978078492668764,35,80282.88213189466,0,0.01893805628396983
2.1,1,0.00030083477838882544,107,80443.52348736933,0,0.025181415289552866
2.1,1,0.0008112166900544615,173,80334.7876824766,0,0.02832972712646864
2.1,1,0.0010632179985536894,122,80337.72180240147,0,0.019594233126385863
2.1,1,0.0003574848135765585,39,80211.29284578157,0,0.02263754576373911
2.1,1,0.0005370055328026702,167,80339.59915586736,0,0.0067614910686031315
2.1,1,0.001760890582713781,155,80735.02689099418,0,0.027014703224809367
2.1,1,0.00034578119393602336,190,80435.81269314671,0,0.039122543115214015
2.1,1,0.0017663363639468521,24,80667.83922699302,0,0.031044345180313737
2.1,1,0.0010413048013355741,35,80587.97852522894,0,0.02390257756232561
2.1,1,0.003574080997407414,35,80748.13581345495,0,0.023707507338992517
2.1,1,0.00015514935517524364,35,80451.0443141032,0,0.022330536064970374
2.1,1,4.2409919226216175e-05,169,80598.25723712704,0,0.02820990460470929
2.1,1,0.0006874212006993119,121,80692.97174346553,0,0.012732739651715619
2.1,1,0.0027138947911873323,39,80476.02185395818,0,0.03086661717827832
2.1,1,0.0027437546197148777,38,80675.8166786374,0,0.02601250589512638
2.1,1,0.0034578193060270657,35,80450.08357241131,0,0.022985016424443394
2.1,1,0.0038780800968800655,35,80279.22795596643,0,0.023290562753393473
2.1,1,0.0003148752572768032,35,80484.38445986391,0,0.02394177310637069
2.1,1,0.001952695127552584,39,80597.05437839267,0,0.03152697821207928
2.1,1,0.0033940695995102743,38,80487.05163373052,0,0.015405321720042053
2.1,1,0.003065957457341284,24,80644.17653281824,0,0.03633443905402167
2.1,1,0.004526848331613209,34,80559.42477632068,0,0.02227058475154431
2.1,1,0.001433497468799505,34,80343.24342065844,0,0.02570788572791205
2.1,1,0.001130868823298048,35,80458.84940251369,0,0.022097681869472918
2.1,1,0.00038230535983707625,53,80199.10087310654,0,0.020756250087904604
2.1,1,0.003142236490590644,24,80352.61076050052,0,0.01622723947630611
2.1,1,0.0003486339207521283,119,80161.37048410795,0,0.025576153431246862
2.1,1,2.727744614983152e-05,96,80409.48357819757,0,0.026219169251644914
2.1,1,0.0002096782584048995,39,80578.75137045747,0,0.018317907301510505
2.1,1,0.001947106788088071,188,80489.04381872395,0,0.00464622344166532
2.1,1,0.004146103629563136,39,80350.91754550298,0,0.013519060754932255
2.1,1,0.0007206096329741563,173,80386.97460950502,0,0.03155154255337811
2.1,1,0.0035685197777026723,38,80363.26716771894,0,0.024694489015098853
2.1,1,0.002090468459800654,128,80428.95507850981,0,0.02324069972065068
2.1,1,0.004775731300318942,24,80504.78608163407,0,0.011349026211644464
2.1,1,3.717213829990129e-05,63,80401.71984325806,0,0.02140356207207761
2.1,1,0.0010929596342270642,104,80165.62530373948,0,0.017955601597134496
2.1,1,0.0030918848883967343,24,80836.02549790802,0,0.03362016608033391
2.1,1,0.003523238637948456,24,80577.40547969543,0,0.022881941576946563
2.1,1,0.0030408505423404897,188,80230.60594706998,0,0.017607292569584487
2.1,1,0.0032628719259091277,35,80769.27911103128,0,0.032362048667523347
2.1,1,0.00014123915891639527,113,80457.93053411214,0,0.02233082703589817
2.1,1,0.0007616832766808024,34,80159.9140601745,0,0.006259608811466144
2.1,1,0.002438784700330654,34,80394.07667340514,0,0.01924436462473178
2.1,1,0.0007371272822154218,39,80158.7813915916,0,0.0351436764594002
2.1,1,0.0007190624850812455,77,80502.66508313759,0,0.010580598615184122
2.1,1,0.0034916987702180435,35,80607.95675615937,0,0.010615030563386973
2.1,1,0.004037775611834604,39,80541.34835096542,0,0.017603435714161453
2.1,1,0.001014339994859892,34,80238.1016592071,0,0.032923082780339286
2.1,1,0.003558307806741823,24,80589.04434951182,0,0.011852285611608782
2.1,1,0.000725275176602036,100,79933.53504521269,0,-0.002903549291915386
2.1,1,0.003045264171053663,35,80460.49557709451,0,0.0351949206187645
2.1,1,0.0037865683464781696,34,80363.46638370029,0,0.02686070782640604
2.1,1,0.0008515071666592711,163,80613.25680829008,0,0.025027626101328693
2.1,1,0.0034367778388295633,38,80312.75317316776,0,0.029541637584265423
2.1,1,0.0007769142684774799,114,80637.99505025237,0,0.0019308835797002821
2.1,1,0.00021819138477896516,84,80769.61648204678,0,0.029938375805244277
2.1,1,0.0029319665997395994,39,80497.07911891553,0,0.024594236287063254
2.1,1,0.0003300789602631582,41,80313.35367631313,0,0.02327498949979523
2.1,1,0.0031830400169541306,182,80529.78251651357,0,0.026999996815015415
2.1,1,0.0015537049103899747,39,80666.35199723295,0,0.0038094203111374014
2.1,1,0.0002974281648340238,54,80450.72804632332,0,0.003800102052555321
2.1,1,0.0016624099883637555,39,80229.64127370325,0,0.026655650702937184
2.1,1,0.00017933997776031774,64,80427.00815935819,0,0.02436025403687836
2.1,1,0.001858085167794954,155,80434.34126516627,0,0.029206573290756488
2.1,1,0.0028644206839896214,164,80508.71849945588,0,0.025026375091302455
2.1,1,0.000378189648496452,65,80384.51174316136,0,0.0016911000979935586
2.1,1,0.0006582918843283103,176,80522.48166038159,0,0.014686733961262632
2.1,1,0.0017963622657739542,132,80427.8873493907,0,0.02541198281336543
2.1,1,0.0015745575164753944,35,80519.33012264008,0,0.030117688360014938
2.1,1,0.0017733190989801528,35,80483.6571025861,0,0.0350187509277875
2.1,1,0.0028856609275824674,189,80750.33211799132,0,0.02092654582209974
2.1,1,0.0017806323189484274,35,80328.43788191164,0,0.030622777989336658
2.1,1,5.811216494144844e-05,122,80506.68431356552,0,0.018300039387785905
2.1,1,0.001873564226282376,39,80703.29750690138,0,0.019736059848832532
2.1,1,0.0005118909444385977,52,80257.85605035102,0,0.023249920835123117
2.1,1,0.0018134769339304135,56,80402.91215677248,0,0.005879818946727511
2.1,1,0.0008871232441629573,85,80722.58176572344,0,0.027574550180782698
2.1,1,0.00036843119270280056,39,80400.77764153472,0,0.0025164629459912824
2.1,1,0.00022834314691522195,181,80628.38625195916,0,0.024948359033925893
2.1,1,0.003419296206785827,24,80488.34745491704,0,0.024676613915604495
2.1,1,0.0001706082289354427,128,80433.10517074594,0,0.02025313641105342
2.1,1,0.0008254496580302195,110,80377.30165620719,0,0.026417566275702686
2.1,1,0.00019586592600173702,103,80074.79183477441,0,0.02679855529269437
2.1,1,0.0008124173700605475,113,80514.72921984697,0,0.012811620223846631
2.1,1,0.001235868995494549,39,80582.65343361521,0,0.019779331303198422
2.1,1,3.2772608411058e-05,85,80396.71074415163,0,0.03532365912841362
2.1,1,0.0005211761448995489,72,80480.7114697425,0,0.011189639727221756
2.1,1,0.004237006775379193,125,80438.42668027098,0,0.03272272130521747
2.1,1,0.0007173076003725853,39,80357.37878913974,0,0.017061044358642086
2.1,1,0.003922123300760472,34,80562.51871614391,0,0.01471981725935878
2.1,2,0.0001609124319985611,76,87421.99920652453,0,-0.003499305275441067
2.1,2,0.00014151938406481435,193,87427.80667832869,0,-0.007651716373389128
2.1,2,0.00011707942001448757,77,87343.91552530866,0,-0.0070947731913424406
2.1,2,0.0010647004870851795,70,87322.22676484118,0,-0.007047407517477122
2.1,2,0.00023776708270251135,189,87263.63058753603,0,-0.011581811560143151
2.1,2,5.544706770610475e-05,96,87186.18472770066,0,-0.003305156744045412
2.1,2,0.00035735157154803687,59,87208.44331701082,0,-0.019183412250473264
2.1,2,0.0005112857599520737,76,87641.01013575224,0,-0.00781594726953605
2.1,2,0.00016092910149412276,60,87023.57536391068,0,-0.00998848923878759
2.1,2,0.0013918833984862822,40,87198.33563193135,0,-0.009578552325434142
2.1,2,0.0005008321560038276,166,87395.59979504735,0,-0.009188806376615233
2.1,2,0.0002592271541934643,185,87253.44618861454,0,-0.015405524565893725
2.1,2,0.000573750275113305,60,87224.58431341045,0,-0.010727832694865214
2.1,2,0.00010161621045634561,94,87325.37149733136,0,-0.003657913321235551
2.1,2,0.0005183832656081577,79,87429.49008649924,0,-0.015307923207492191
2.1,2,0.00035482308763779,76,87459.38431009388,0,-0.012888005556102922
2.1,2,5.566812962154444e-05,71,87376.96314736907,0,-0.002476372995759313
2.1,2,8.091864673698268e-05,51,87298.69504741307,0,-0.0035908832229667453
2.1,2,0.0012807687871259077,168,87231.10924526183,0,-0.0015689251258614867
2.1,2,0.0005058565614177724,157,87335.37942280293,0,-0.011358871333482679
2.1,2,4.6487542021189654e-05,186,87166.46565168141,0,-0.009956658011612163
2.1,2,0.0006486790033894962,77,87163.99497013501,0,-0.008738723911278168
2.1,2,5.355221405167754e-05,93,87129.37025689193,0,-0.0060129287812249466
2.1,2,0.00016630721604471432,79,87353.66145595403,0,-0.006773848818824479
2.1,2,2.008266037423212e-05,80,87241.81429348368,0,-0.017426222363182475
2.1,2,1.6481505376031436e-05,73,87418.29280504365,0,-0.005368549575009762
2.1,2,1.5572167899158273e-05,31,87224.95843351664,0,-0.010422335334780097
2.1,2,0.00023014068830740086,51,87466.73564895925,0,-0.008006111869027777
2.1,2,0.00033148549651018655,197,87266.26977407628,0,-0.0012874043933255308
2.1,2,0.00016360486628252957,188,87218.39755905484,0,-0.00977552328344844
2.1,2,0.0002645820374471697,79,87268.512737882,0,-0.008434697206232133
2.1,2,0.00011142593548685298,73,87330.73080803186,0,-0.006899566724953843
2.1,2,0.00031841259069986805,97,87292.43338539239,0,-0.00812940460566658
2.1,2,5.401748475186707e-07,60,87076.80837216144,0,-0.009390382425478627
2.1,2,8.545387496283752e-05,78,87169.19198952263,0,-0.00884454551727254
2.1,2,0.0013421224742971027,114,87092.50581241206,0,-0.008661977236402496
2.1,2,0.0003810437281415169,70,87215.28094849513,0,-0.007959570607876554
2.1,2,0.00015596921733074254,71,87426.72836628534,0,-0.01109712143312569
2.1,2,0.0006074261085964316,59,87356.22509387985,0,-0.008765040177439953
2.1,2,0.0005396719854644516,31,87074.77021889357,0,-0.006655890331601189
2.1,2,0.00016541503422917714,40,87359.69965171057,0,-0.006312697281280144
2.1,2,3.641333826287507e-05,200,87344.71668683867,0,3.641333826287507e-05
2.1,2,9.314506560720304e-05,75,86999.5257294439,0,-0.016687451709853196
2.1,2,0.0018370033497023819,58,87336.25525588893,0,-0.013696202196680662
2.1,2,4.327411902904643e-05,77,87480.06785344203,0,-0.007806878170438569
2.1,2,0.0005547086650956601,73,87392.03904141896,0,-0.007288356192112211
2.1,2,0.001002927308675794,95,87342.71551115831,0,-0.00605375725317403
2.1,2,0.0008872058594535659,59,87380.5895036935,0,-0.013368692846302821
2.1,2,0.00024961507819343254,71,87338.70452097867,0,-0.008895525516026126
2.1,2,2.025699220409294e-05,166,87216.06599749962,0,-0.008556568909657614
2.1,2,0.0005786254647777156,31,87128.39275173353,0,-0.010280336718765604
2.1,2,0.0006705118363039553,145,86921.88432326877,0,-0.013395527862837042
2.1,2,0.0008055501155919131,76,87344.09259664791,0,-0.010074671582062766
2.1,2,2.3967430142324275e-05,78,87326.42396348415,0,-0.003109166438617361
2.1,2,0.00028260409052371926,129,87265.19276707721,0,-0.008430001141745969
2.1,2,5.0344251072864665e-05,132,87062.62250435824,0,-0.0038779119436198606
2.1,2,0.00018390991180394778,40,87120.08896205397,0,-0.0087009267227951
2.1,2,0.00040245986948539425,165,87045.29001543799,0,-0.003330779764367797
2.1,2,0.00024494345112779925,148,87331.08385308871,0,-0.00863045459772982
2.1,2,0.00016145001716250107,59,87378.34235012766,0,-0.02046266222884352
2.1,2,4.124252159076747e-05,80,87085.60527107252,0,-0.005279129613543265
2.1,2,0.0003722145275544264,76,87134.17428638379,0,-0.011005892106892734
2.1,2,0.00036210436697103887,31,87371.02126188445,0,-0.007825467390786933
2.1,2,2.5751310062105404e-05,76,87259.36436789129,0,-0.009029469706769877
2.1,2,0.0005306399534843464,186,87186.45777084582,0,-0.013442464826094014
2.1,2,0.0001631494279772383,53,87365.227390437,0,-0.011292834553523257
2.1,2,0.00021772968928912562,110,87255.26957983478,0,-0.005200264417730249
2.1,2,0.00019502836969520487,31,87349.40090061822,0,-0.009776467595929095
2.1,2,0.00018347145017960642,75,87565.06328904702,0,-0.010687569577361167
2.1,2,0.00029194457432879517,97,87171.50977135061,0,-0.0067996418224156585
2.1,2,0.0006557238755124928,95,87229.52910020416,0,-0.0075004284148216804
2.1,2,0.0001733125096423649,75,87238.51047708325,0,-0.00475851060892829
2.1,2,0.002098416975797157,141,87269.23501175031,0,-0.0030602944160253998
2.1,2,0.00041352689147311494,60,87092.55777350043,0,-0.009911898140485764
2.1,2,3.924782656250514e-05,137,87006.74143231242,0,-0.009735956626586884
2.1,2,0.0006178022394021099,52,87301.48712279859,0,-0.0009519972068479099
2.1,2,7.165298425393374e-05,90,87217.05663164888,0,-0.005985825337025741
2.1,2,0.0001647599704681646,188,87200.82347250474,0,-0.024208193004572998
2.1,2,6.989621663855417e-05,79,86881.70481323023,0,-0.007102704875260546
2.1,2,0.00022473751595430969,100,87086.5756619482,0,-0.002984656511804573
2.1,2,0.00011674042696885323,59,87556.43764512296,0,-0.00960309817885685
2.1,2,0.00011827362955285636,31,87175.95573134269,0,-0.007325763795663853
2.1,2,9.388189928927204e-05,72,87191.96132118069,0,-0.005524246676199773
2.1,2,2.957408186787802e-05,78,86942.64947825758,0,-0.016283535217162637
2.1,2,0.00024053202653151473,76,87473.93626309987,0,-0.006949062177032506
2.1,2,0.00044457003766451564,59,87367.4656851769,0,-0.011059909787329847
2.1,2,4.2653166720807434e-05,77,87127.23228498455,0,-0.008292138860156228
2.1,2,0.000790459611383465,52,87207.83267324684,0,-0.001616139640829406
2.1,2,3.757750287913808e-05,151,87208.23871229598,0,-0.007792466048249125
2.1,2,0.0005527046506714761,78,87532.48599725468,0,-0.006446164174993552
2.1,2,0.001351415177141213,74,87275.26686415121,0,-0.006894752380389502
2.1,2,6.988361871451687e-05,173,87365.675261461,0,-0.005368375297381434
2.1,2,0.0010163582751014921,73,87191.99892933483,0,-0.01001475753184744
2.1,2,1.0577581089687982e-05,77,87225.4335648834,0,-0.008510610979952649
2.1,2,0.00014217844948438696,77,87410.47033615754,0,-0.00937165345936597
2.1,2,0.0002327409263278568,59,87269.30826475934,0,-0.013530772281219683
2.1,2,0.0002852289470998137,70,87064.7980485485,0,-0.0003000038656373327
2.1,2,0.0003742587074690995,31,87250.02908743861,0,-0.011265827419713048
2.1,2,0.00029045737500155155,59,87264.69688820775,0,-0.006223857926462184
2.1,2,0.003040295998199216,31,87324.71688064082,0,-0.007062110549388656
2.1,2,3.7830848307329745e-05,170,87275.35289900865,0,-0.008578669942657324
2.1,2,0.0001050598571108452,90,87397.14069161983,0,-0.008588751373037162
2.1,2,3.366230457313435e-05,52,87425.22371208658,0,-0.004930055082064566
2.1,2,0.0003435968338383333,72,87435.84657579703,0,-0.009844002578163202
2.1,2,0.0008678541846354193,58,87423.91607117731,0,-0.011871078166484583
2.1,2,0.0011030858309726277,59,87170.544925684,0,-0.007568549133694535
2.1,2,6.360021242901581e-05,122,87297.95960063254,0,-0.02367570657915463
2.1,2,2.2376789841516143e-05,191,87394.35037903253,0,-0.0109054447818
2.1,2,0.001723952983006427,60,87450.17992146371,0,-0.010736816238273938
2.1,2,0.0002701498956181325,100,87372.7774042398,0,-0.00919625317420536
2.1,2,5.003666521341543e-05,31,87200.87806355476,0,-0.013759784818887955
2.1,2,2.8210426275432354e-05,118,87111.09359554698,0,-0.01597306568235979
2.1,2,0.00018011155357378072,31,87157.60512587044,0,-0.008691917995119258
2.1,2,6.299189408309758e-06,31,87219.25990760492,0,-0.008866019903167377
2.1,2,7.645900187602805e-05,96,87309.30239539787,0,-0.006539968157971643
2.1,2,0.0011015434819525716,31,87351.02594028707,0,-0.005619680378041725
2.1,2,0.000394583515607394,177,87245.67041187205,0,-0.0034379789558522944
2.1,2,0.0007852349311465723,53,87398.3575886062,0,-0.009458284284332485
2.1,2,0.0014177656590108612,167,87460.84890061487,0,-0.014489129560629088
2.1,2,5.323704016912956e-05,77,87176.95487000425,0,-0.014854949309122123
2.1,2,0.00045812867983530126,78,87271.40806016656,0,-0.011085063990072364
2.1,2,0.00010268661826406955,77,87087.98796383047,0,-0.00681269154144859
2.1,2,6.668099792017657e-05,81,87193.84263075115,0,-0.006457943858717563
2.1,2,0.001605481572415357,71,87291.09430668823,0,-0.021940290567792342
2.1,2,7.802544746082773e-05,101,87365.06836546962,0,-0.009379367015659668
2.1,2,0.0020579489731304967,197,87480.81136918413,0,-0.005018149097779645
2.1,2,0.0005934161561151896,76,87462.78477339089,0,-0.009654597029164158
2.1,2,5.213487087818436e-05,95,87415.70690040935,0,-0.010051456443649354
2.1,2,0.00041893413006555136,78,87551.99563501947,0,-0.009770276127077704
2.1,2,0.00022583594636005344,95,87150.59011742035,0,-0.005538756921267041
2.1,2,2.5314915800045412e-05,183,87314.72506837697,0,-0.015234989610828364
2.1,2,0.0003233251598766529,172,87265.39403494814,0,-0.009811037324865879
2.1,2,0.000296267122129823,94,87290.96666448453,0,-0.005898900739396584
2.1,2,0.00017111171412187431,161,87317.74699755895,0,-0.012703998434193675
2.1,2,0.00031740366393595565,79,87172.35515289028,0,-0.008523876807810638
2.1,2,0.00032415547078468165,78,87478.66992098872,0,-0.009771772879461516
2.1,2,0.00042829654742826406,57,87102.26272225274,0,-0.011672790934321498
2.1,2,0.0012576272803968003,76,87015.59079722756,0,-0.004206166405256173
2.1,2,0.00027328048447206044,60,87286.22284177486,0,-0.009355087980300159
2.1,2,0.00022902835331040095,31,87284.52710424938,0,-0.010666052968717477
2.1,2,2.7158926714676568e-05,73,87456.83919985083,0,-0.007085046150657526
2.1,2,4.3111458159827976e-05,137,87140.61168590763,0,-0.011515592095383997
2.1,2,2.6697401364295104e-05,103,87228.12051999733,0,-0.003951838530212193
2.1,2,0.0005885149074247309,60,87352.67211864701,0,-0.011767198600304063
2.1,2,0.0005152534543713116,80,87041.8857872124,0,-0.012976962239146683
2.1,2,7.414763363566834e-05,71,86880.67208514089,0,-0.006563457996200839
2.1,2,0.0006216440593069805,73,87452.5352513626,0,-0.005643359399253534
2.1,2,0.0011440565511833256,80,87260.0273015731,0,-0.008617001590236484
2.1,2,0.00015067314959349432,75,87165.94078607915,0,-0.007888951258723687
2.1,2,0.0008705182504811226,53,87111.36662160349,0,-0.014038682582916184
2.1,2,0.0004386579223756293,80,87390.12599651991,0,-0.008277432539872454
2.1,2,0.00029061928087026345,81,87190.34651690903,0,-0.009197518572432895
2.1,2,0.0014300043525787842,52,87211.07390776258,0,-0.007965821435419684
2.1,2,0.0010146527821097706,155,87399.76423416144,0,-0.005527466307714057
2.1,2,3.6305159756278016e-05,95,87310.48160607707,0,-0.008182365448371254
2.1,2,4.4556270855977687e-05,75,87177.23021992965,0,-0.013665948516815352
2.1,2,0.0005556175069654223,93,87292.8821700812,0,-0.011082840246317449
2.1,2,0.00023705009617369655,102,87061.21711500798,0,-0.009135493604544909
2.1,2,0.00013780979487920675,76,87270.92013059664,0,-0.0096699645090359
2.1,2,1.385794562391851e-05,31,87142.60329558096,0,-0.012900094963242292
2.1,2,4.452609503724503e-05,96,87366.89283300613,0,-0.006472606821302129
2.1,2,6.975608853210247e-06,71,87254.85530424504,0,-0.006207072216130705
2.1,2,0.0004882307618543358,76,87374.31116219539,0,-0.010225872124781432
2.1,2,0.0003295027927445737,182,87172.75642931277,0,-0.009252273767709873
2.1,2,0.000802095700592087,31,87156.25909962413,0,-0.006884412784394112
2.1,2,0.00011811367696745734,96,87323.69610635602,0,0.0035787111894727275
2.1,2,0.0001495940910518634,31,87141.23250692553,0,-0.0048042516823101344
2.1,2,0.00011193655411911863,150,87249.60932588133,0,-0.010595848689417764
2.1,2,0.00031337154086896746,78,87093.06114324687,0,-0.006389780741354212
2.1,2,0.0001020370048756547,74,87358.20015244791,0,-0.005056046254901858
2.1,2,0.0023719621777260613,121,87439.79430184847,0,-0.007182432028276953
2.1,2,0.0007090615213170004,76,87309.28321838906,0,-0.007676069989735357
2.1,2,3.773197738077272e-05,130,87316.6111826337,0,-0.0068518577581424545
2.1,2,4.889555125586753e-05,76,87408.749328275,0,-0.009374827276852571
2.1,2,0.00014172569597858953,78,87443.21957800702,0,-0.007298793308760487
2.1,2,0.00015636277339803328,97,87324.33948548842,0,-0.005722785004997455
2.1,2,0.00011142712237965924,71,87294.87163781223,0,-0.009677406779481146
2.1,2,0.00034235667721871366,184,87121.46641281246,0,-0.009054334863129121
2.1,2,5.86314099582097e-05,112,87196.10288046871,0,-0.008679340373550115
2.1,2,8.96935902563456e-05,188,87110.55317684305,0,-0.013955182392006993
2.1,2,0.00010375887043467813,119,87039.67140971073,0,-0.007531758353957585
2.1,2,0.002950120179686433,177,87583.29301491704,0,-0.005448703630811291
2.1,2,1.0436022010562596e-05,195,86971.96759081188,0,-0.0018597018289066014
2.1,2,0.001570718752777367,119,87209.05342769608,0,-0.00747760333156533
2.1,2,1.2239779221712155e-05,52,87165.51531887421,0,-0.010520577621690563
2.1,2,0.0006721118481225474,60,87371.02250807289,0,-0.007403350159354449
2.1,2,0.0015676418977883522,77,87404.82266891366,0,-0.0049657755088907685
2.1,2,0.0009986770695440406,77,87331.11942432706,0,-0.00725442128894116
2.1,2,2.928505912880297e-05,51,87391.68712907306,0,-0.020202814105373168
2.1,2,0.0002950981577445333,51,87332.38710249563,0,0.0009635483765415565
2.1,2,0.0007781971140574662,77,87363.14203087853,0,-0.006752555120522974
2.1,2,0.0002465940974261116,111,87174.99480538428,0,-0.007921852574137578
2.1,2,0.00019055515848354077,71,87435.45405486842,0,-0.007228230541841629
2.1,2,4.264746710402889e-05,75,87235.45727522149,0,-0.011716137685296335
2.1,2,0.00011396865475665763,74,87440.04231682948,0,-0.006618077755309759
2.1,2,0.00011144946362451336,60,87198.256539897,0,-0.010404453647494094
2.1,2,0.0011483515055328297,145,87224.249719342,0,-0.010656286189526298
2.1,2,0.0005770702089877844,52,87199.26120348716,0,-0.013976381473617572
2.1,2,6.551933133591703e-05,93,87321.90836507363,0,-0.0067262745872849194
2.1,2,0.0012341177381833823,60,87318.54777387183,0,-0.010312171755296085
2.1,3,0.0014146867514917005,67,94477.34721714008,0,-0.04330140592531162
2.1,3,0.00011289183173968098,62,94674.0838062426,0,-0.04593312982459796
2.1,3,0.0010828295326104076,62,94552.79621097793,0,-0.043175544394502996
2.1,3,0.0015686012573676855,45,94592.73570226942,0,-0.042851162042796265
2.1,3,0.00047058934158039634,66,94492.32592921486,0,-0.04205314953457373
2.1,3,0.0015905894820025246,62,94549.27417238898,0,-0.038697390802814535
2.1,3,0.00081365217595053,62,94698.14961749241,0,-0.04598502364636303
2.1,3,0.0015073768189903802,63,94454.39707194205,0,-0.0414422359069615
2.1,3,0.00033127222144457846,45,94656.38427752566,0,-0.04352262687052422
2.1,3,0.0007958776888910002,64,94524.08337638582,0,-0.04202972249060233
2.1,3,2.3787977790679093e-05,63,94527.68259373083,0,-0.04403521571285074
2.1,3,0.0012912650826781835,65,94770.85692281298,0,-0.046649208254771146
2.1,3,0.0009374056695916622,63,94659.7610267013,0,-0.04464424572444958
2.1,3,0.00505813150939316,62,94481.06041685068,0,-0.039691345904441455
2.1,3,0.0010542738406336127,64,94603.32352782809,0,-0.043255151328533525
2.1,3,0.0035767184802164564,23,94817.17816268245,0,-0.045740313004575484
2.1,3,0.000802617065122746,64,94731.60621428692,0,-0.04598769834987104
2.1,3,0.0033351305021267486,37,94631.88526954452,0,-0.04379072936292516
2.1,3,0.0016244035382162458,63,94489.63530994323,0,-0.040763141585937746
2.1,3,0.00014160222446246706,45,94508.67889451572,0,-0.04016861336671962
2.1,3,0.0013626317018085032,63,94719.83454391944,0,-0.04380457847520969
2.1,3,0.0008165736830130221,45,94715.50932602948,0,-0.04270309176178477
2.1,3,0.0013790585103143904,37,94322.96966672663,0,-0.045965423829173346
2.1,3,0.0004907273691916458,23,94682.44742547498,0,-0.03956853166000718
2.1,3,0.0008108507217983174,66,94560.52001541156,0,-0.04172001335834841
2.1,3,0.00023411179433319163,66,94547.09793045261,0,-0.03980521259589409
2.1,3,0.0019418802040247485,67,94642.75271601426,0,-0.043747241395049485
2.1,3,0.0010079729495777734,45,94607.89627317041,0,-0.04741965688629035
2.1,3,0.00027607284830422074,66,94420.54847264233,0,-0.045876817994721986
2.1,3,0.001967148927576101,65,94410.39832527172,0,-0.042628322897011905
2.1,3,0.0011892190423461457,66,94572.62621250506,0,-0.04150633709818452
2.1,3,0.001125812097443113,45,94626.79003734072,0,-0.04759438629934021
2.1,3,0.00010888450747126299,65,94626.61680108917,0,-0.044592594083180614
2.1,3,0.0033683441094720656,23,94727.78045075314,0,-0.050231281479097944
2.1,3,0.0014145735757913336,45,94667.80867967643,0,-0.0442140972618259
2.1,3,0.0008588743578443747,66,94702.33914900577,0,-0.041944432697204714
2.1,3,0.0005060518130703962,62,94507.89274837117,0,-0.039928382200433266
2.1,3,0.0005305454518458319,63,94669.99557502852,0,-0.04635422895425867
2.1,3,0.0009788838824653645,63,94698.89653311184,0,-0.04262313315586885
2.1,3,0.0007586424312919782,65,94725.65569314519,0,-0.0389340363295525
2.1,3,0.0017455101714975996,63,94715.60857634616,0,-0.039763594688849935
2.1,3,0.0012974081755565692,65,94701.25221569644,0,-0.045799349239581844
2.1,3,0.0018634512412369908,62,94702.29151558554,0,-0.04107700938661196
2.1,3,0.00011094107451548041,64,94665.22716208435,0,-0.04324167172464133
2.1,3,0.0033487761755370826,66,94627.65811965172,0,-0.03894247622321201
2.1,3,0.002976718230360831,65,94668.10375579562,0,-0.04256581168803519
2.1,3,0.0018951442666987894,62,94681.59233622657,0,-0.0396797679586105
2.1,3,0.0029440905042421583,67,94759.10330748765,0,-0.04668266202973559
2.1,3,0.0014744315643095973,62,94679.28368196645,0,-0.04380213908042041
2.1,3,0.0006423822539400881,66,94729.70119099936,0,-0.044227318211850886
2.1,3,0.0027845187524033754,62,94503.4678698868,0,-0.0462739088485562
2.1,3,0.00040431424071529776,62,94405.10815963797,0,-0.04356929526747155
2.1,3,0.0006095590581938204,23,94542.79725846447,0,-0.044668873494116745
2.1,3,0.00464860661919575,23,94575.62679833277,0,-0.04295226679704456
2.1,3,0.0016964076833629882,65,94434.9850956935,0,-0.043531874251068636
2.1,3,0.000667963721181053,66,94522.66911016071,0,-0.04509314876782167
2.1,3,0.00070549819176291,45,94664.90707282754,0,-0.047052357657300536
2.1,3,0.001435458581470872,45,94572.58104234909,0,-0.043502203595347844
2.1,3,0.0019000003844213964,66,94481.37067873677,0,-0.04243243258484952
2.1,3,0.000529265270045709,23,94550.7061477334,0,-0.03965196154008366
2.1,3,0.002977329664853645,66,94609.1297457114,0,-0.04260612704052136
2.1,3,0.0013503192134378672,62,94637.0569446667,0,-0.04739597029217668
2.1,3,0.0010168162543635617,62,94505.47886938747,0,-0.04447592570367487
2.1,3,8.609500275991167e-05,65,94703.79220833293,0,-0.046213011837854534
2.1,3,0.0011454047545913504,45,94449.65948852651,0,-0.04248509081233154
2.1,3,0.0002242032711143871,62,94484.33291524086,0,-0.04379757037035681
2.1,3,0.0002406613218894904,65,94433.85911372621,0,-0.045765921666090836
2.1,3,0.00034764382994723064,62,94637.11323873397,0,-0.045170553521198364
2.1,3,0.0008297370091803202,62,94688.20595505157,0,-0.042899365638894515
2.1,3,0.00027427114160571975,45,94414.9158115182,0,-0.04139262851336367
2.1,3,0.0002249779044074529,62,94638.74690145203,0,-0.04031522326246195
2.1,3,0.0009179905964438184,23,94520.60178114433,0,-0.04288587565267665
2.1,3,0.000957199805685871,45,94575.89526310012,0,-0.04331538924315881
2.1,3,0.0005376645148666981,64,94694.58127297474,0,-0.04772673921952597
2.1,3,0.0029867560212526456,45,94659.69329667737,0,-0.0393218111404714
2.1,3,0.0012011344967652882,45,94800.1827034928,0,-0.043907998775427615
2.1,3,0.0007455263012343671,66,94808.86121412006,0,-0.047579249658427525
2.1,3,0.0023472365615488933,63,94585.36277511212,0,-0.04504378231412032
2.1,3,0.00012022424965385525,64,94632.62163231883,0,-0.044436879080556047
2.1,3,0.0010701090616871411,67,94679.84436998518,0,-0.0444139777301662
2.1,3,0.00013334934968867174,63,94821.88043837862,0,-0.03919967831469284
2.1,3,0.0019802482279311917,65,94706.64534062365,0,-0.03996652635244935
2.1,3,0.0024191901812251615,62,94561.09372340541,0,-0.040248983756246304
2.1,3,8.870230828961212e-05,63,94684.83757340504,0,-0.04011541594843848
2.1,3,1.9182678786755503e-05,23,94474.59385715702,0,-0.03937655450257127
2.1,3,0.0003790106478374078,62,94498.22691484657,0,-0.047224817337124136
2.1,3,0.00140161134952832,37,94568.04734065672,0,-0.04358105016156699
2.1,3,0.001193146301587067,65,94398.9216772551,0,-0.04707431621624503
2.1,3,0.0015686163434316391,37,94799.53633756783,0,-0.04259169106906313
2.1,3,0.0004499547342700083,65,94737.48280269238,0,-0.04509969609233133
2.1,3,0.0015158023212165084,23,94510.62050848636,0,-0.04537124304621809
2.1,3,0.00021636274537373268,62,94651.76596040664,0,-0.04672995152832682
2.1,3,0.0008130490016791114,66,94511.6864917524,0,-0.0425347731305461
2.1,3,0.0009599746011192956,64,94623.81142410252,0,-0.04396554730484015
2.1,3,0.004281324692897659,62,94644.94963696093,0,-0.04272086341435344
2.1,3,0.002351190139043613,67,94589.27803602684,0,-0.04191192376691255
2.1,3,4.2229187751985364e-05,66,94466.34546790853,0,-0.04185763477453541
2.1,3,0.00048624465860269694,64,94383.21118575572,0,-0.04336320133950489
2.1,3,0.0006608011365778488,45,94507.94947760167,0,-0.041242999153880966
2.1,3,0.00015856506022737804,66,94340.71722531585,0,-0.04317990181379727
2.1,3,0.00010519428072708337,62,94593.2966569654,0,-0.04075612051009303
2.1,3,0.00010831052261606189,67,94568.87116868982,0,-0.04379619921606093
2.1,3,0.0003795334882985557,65,94569.10631588528,0,-0.04267823011267069
2.1,3,0.0013003826448345635,65,94623.33877576159,0,-0.04080778350379344
2.1,3,0.0005293679454334566,23,94574.18858021605,0,-0.03851584211738368
2.1,3,0.0024926507929459163,62,94527.84370852845,0,-0.0434509831892016
2.1,3,0.00028197549672359656,66,94623.44701360981,0,-0.04295580568342672
2.1,3,9.423489168502996e-05,64,94821.24958254132,0,-0.03960256603457912
2.1,3,0.0009696830157324143,45,94755.32913811192,0,-0.04169496936889194
2.1,3,0.000741293171827806,62,94735.60735647996,0,-0.04786876518116401
2.1,3,0.00021703623075630674,63,94688.94788772576,0,-0.044085499540356565
2.1,3,0.002207062628098555,62,94710.82095142725,0,-0.041520238815548005
2.1,3,0.002092859000112579,45,94462.51254240303,0,-0.04710151162075649
2.1,3,0.00047826017701391166,66,94517.56333226906,0,-0.04064674499106946
2.1,3,0.0001505397415795251,45,94647.67311535496,0,-0.04148710011758405
2.1,3,0.00023320685368943828,63,94831.67610268107,0,-0.042243008401251725
2.1,3,0.00030377984849483397,65,94570.18691594499,0,-0.04316985248919325
2.1,3,0.0004209760737547974,23,94375.03885763769,0,-0.04424398923284212
2.1,3,0.00034188791792955087,37,94699.87986063371,0,-0.04310243702922456
2.1,3,0.0010454986621302176,45,94767.32488894116,0,-0.04240747465417005
2.1,3,0.0002928770053194363,63,94594.35755480442,0,-0.04081577124854263
2.1,3,0.0008031983939211784,66,94777.92679180711,0,-0.04059574925086151
2.1,3,0.0006202733850058095,62,94500.37450506186,0,-0.044402699944537716
2.1,3,0.0002189856660042011,65,94573.74680822853,0,-0.0445016244368297
2.1,3,0.0004348169122256884,64,94715.75342437133,0,-0.04053247078576305
2.1,3,0.0007978681390787834,45,94610.81917577736,0,-0.04340899557898892
2.1,3,0.0011022823115545144,45,94403.4995996176,0,-0.047649011073433556
2.1,3,5.310396643976034e-05,66,94563.58782305397,0,-0.03923831965942748
2.1,3,0.004254804565896997,67,94549.83721687303,0,-0.04685969937565293
2.1,3,0.00023798180410850023,67,94525.07673214558,0,-0.04359416153610951
2.1,3,0.00109074748286897,65,94539.22321136127,0,-0.04261555892037405
2.1,3,0.0002555120823863888,63,94462.52357342865,0,-0.04683387829330421
2.1,3,0.0006381335508032215,62,94676.9559390427,0,-0.04673352604777303
2.1,3,0.0006306146507726318,45,94488.39693586773,0,-0.0405560780525378
2.1,3,0.00011549386415543594,23,94517.8292675486,0,-0.045858236214872505
2.1,3,0.0014256804995991246,67,94777.38846566025,0,-0.04287169153450021
2.1,3,0.0004920379541659692,63,94700.76748467797,0,-0.042051763971735046
2.1,3,0.0002785845443886714,65,94792.87482705458,0,-0.04273693242657162
2.1,3,0.0003432817142829947,37,94745.75109335482,0,-0.0464428272970272
2.1,3,0.002633103357925215,62,94819.96290407213,0,-0.044968549122996304
2.1,3,0.0007899196992924296,45,94669.90156976705,0,-0.04144636326311257
2.1,3,0.0007893160975851465,64,94762.00957443597,0,-0.04673361599414472
2.1,3,0.0008381174787346346,62,94853.17082392526,0,-0.04262786851744771
2.1,3,0.0005077456459638974,62,94688.7680988501,0,-0.04238809782645081
2.1,3,0.001003895180448744,63,94734.98313524763,0,-0.04166573221072367
2.1,3,0.0006081370421626708,66,94597.71194251801,0,-0.0410810917034965
2.1,3,0.0017956475552933782,23,94771.91927114637,0,-0.04353084457476619
2.1,3,0.001043849474387848,66,94617.89571528629,0,-0.03978107678335796
2.1,3,0.0017959770653890317,63,94626.87750764533,0,-0.043606113455112894
2.1,3,0.0014446607046099125,66,94634.57904647423,0,-0.04425043506147652
2.1,3,0.00020188942035082036,62,94477.95796418667,0,-0.04615876261699059
2.1,3,0.001662640929216419,66,94752.22377616332,0,-0.04126572193959577
2.1,3,0.00010390688311190388,45,94462.91112440042,0,-0.0469585071220453
2.1,3,0.0019138505540254869,66,94578.95831914758,0,-0.045955670493133205
2.1,3,3.403586808259362e-05,66,94722.15151153666,0,-0.046013443455807934
2.1,3,0.0008152806689092351,62,94645.42931077712,0,-0.04113124230626175
2.1,3,0.0038314235001366548,62,94660.6008093134,0,-0.03905296200944486
2.1,3,8.417148388373263e-05,65,94529.89687737188,0,-0.0412320528836676
2.1,3,0.0026495215863628907,37,94485.01636018939,0,-0.03963615517046559
2.1,3,0.0005677352230288868,65,94470.08202055808,0,-0.037235294167270894
2.1,3,0.0018068837927809334,65,94514.43372460053,0,-0.04549998727639526
2.1,3,0.0004542396080053912,67,94627.84082527671,0,-0.04546474947180368
2.1,3,0.001549976835239164,66,94624.3201145593,0,-0.03951488231001443
2.1,3,0.0004342165769535278,66,94796.71635848228,0,-0.043727594789532365
2.1,3,0.0004737655262321283,62,94496.00495556548,0,-0.046899067917158366
2.1,3,0.002653319212444938,67,94680.15105368127,0,-0.04195003431725208
2.1,3,0.002221119177567399,67,94902.47167322911,0,-0.03978107732727176
2.1,3,0.0016483021999333936,45,94842.1663388992,0,-0.047330133557705434
2.1,3,0.0005791272081454579,66,94463.98293995812,0,-0.042364357095863614
2.1,3,0.0007167111228696399,62,94530.6729386847,0,-0.045328817560557066
2.1,3,0.00014041318372148837,62,94591.5737998523,0,-0.04021364954908968
2.1,3,4.9892372356641346e-05,45,94513.22688043963,0,-0.04095753009836978
2.1,3,0.0014194542563461532,45,94424.73668906683,0,-0.03995876645583252
2.1,3,0.0011375865167080335,67,94638.67918063105,0,-0.043753070548663064
2.1,3,0.0012810117947061883,64,94392.47486174552,0,-0.04267938582991082
2.1,3,0.002117605476510409,67,94614.5643547697,0,-0.04667588109282628
2.1,3,0.0015488203214952811,67,94647.444253749,0,-0.04460032942049663
2.1,3,0.0006336284285231031,62,94485.25378553379,0,-0.04408887312573473
2.1,3,0.004742803111121852,45,94468.76472798747,0,-0.04433987941071127
2.1,3,0.00013289418475137538,45,94526.28570552732,0,-0.04239624523815744
2.1,3,0.0008755171726160249,62,94644.66353265084,0,-0.04381275841295906
2.1,3,0.0028726310606836947,45,94635.35437150756,0,-0.043513574178020153
2.1,3,0.0013211472365934895,62,94388.54133630301,0,-0.04417165886521701
2.1,3,0.0003722689145950753,45,94550.05724466857,0,-0.0442740957171206
2.1,3,0.0005081054236630855,62,94812.07649793685,0,-0.039761330645457615
2.1,3,0.001356591424344522,65,94591.92557489002,0,-0.0427924102387065
2.1,3,0.0012523625298164198,64,94615.13789148688,0,-0.041082678587214705
2.1,3,0.00011515312766707808,67,94756.88094840656,0,-0.0445697759001753
2.1,3,0.0003105408104793206,67,94702.06767478387,0,-0.04391383054338638
2.1,3,0.0006766019451371896,45,94349.02111253544,0,-0.04360725202033766
2.1,3,0.0011601838927495223,62,94815.42102571277,0,-0.044142397553502466
2.1,3,0.001955108481836998,62,94716.8204409941,0,-0.04263533896072369
2.1,3,0.0009304547615163195,45,94552.09395483969,0,-0.04319391731866551
2.1,3,0.0006253818688213286,66,94622.6010287016,0,-0.04495872115169508
2.1,3,0.0002585692807972606,23,94454.94980961918,0,-0.042822869031791555
2.1,3,0.00019559756014153606,62,94464.60467242499,0,-0.04590258202351194
2.1,3,5.04345680707452e-05,66,94683.30420640024,0,-0.04530360134097133
2.1,3,2.9807789676539187e-05,64,94357.71944625188,0,-0.04055807071711115
2.1,3,0.0005367046357362959,23,94550.94559984609,0,-0.042484061656996364
2.1,3,0.00028912849320406053,64,94775.13749612955,0,-0.043265537367143114
2.1,4,0.009257959583361952,49,103203.56894838,0,-0.07279392490345726
2.1,4,0.007508660068717976,50,103106.94095573878,0,-0.07071768709397475
2.1,4,0.004661623465055165,49,103074.40322275965,0,-0.07322003223519014
2.1,4,0.006473376764945193,50,103158.35706716165,0,-0.0727712159810614
2.1,4,0.005388857754612619,42,103164.86831494982,0,-0.07169931952047248
2.1,4,0.0021605028419853234,42,102952.81896897494,0,-0.07154207681874869
2.1,4,0.0004929650390765872,49,102889.55330929466,0,-0.08192312441318261
2.1,4,0.009640865685038413,42,102879.16329732916,0,-0.06957476274125884
2.1,4,0.006005847438348422,42,103045.48726689299,0,-0.0722527909720534
2.1,4,0.009289784739050955,42,103283.80320875233,0,-0.06872437568749801
2.1,4,0.0004046431538338169,18,103283.40218392065,0,-0.07404326835457953
2.1,4,0.009165073823362846,50,102917.34411378147,0,-0.07793645435276275
2.1,4,0.009678192212279946,50,103043.96915708181,0,-0.0739011810886816
2.1,4,0.001553514483791929,42,102881.1288513887,0,-0.07909634016918243
2.1,4,0.009750152176311033,50,102984.70348969406,0,-0.07239044133766592
2.1,4,0.006967617760883726,42,103161.14115924497,0,-0.07294866980648562
2.1,4,0.0005569300650964948,18,103240.32812493133,0,-0.06902964821613722
2.1,4,0.0037045819669399016,42,103049.29700388895,0,-0.06970574619331238
2.1,4,0.00593688262483516,49,103090.56263093234,0,-0.07251921616261692
2.1,4,0.002239117665848056,18,103144.97020708302,0,-0.06786298546071512
2.1,4,0.002271694930495727,18,102960.71112109153,0,-0.0757595928442587
2.1,4,0.00937826013471188,50,103060.48356993763,0,-0.06993173592781465
2.1,4,0.00685259380324732,42,103021.55851850413,0,-0.07649904633147564
2.1,4,0.0023839499886162407,18,103120.48927772832,0,-0.06998950367669288
2.1,4,0.009129557752494133,50,103247.69856247085,0,-0.06980482873686933
2.1,4,0.009891715755377284,42,103086.7379503032,0,-0.07044366367219768
2.1,4,0.010557454804973165,42,103099.06884015542,0,-0.07857716400147519
2.1,4,0.005342940358346038,42,103152.83210335675,0,-0.07179013714272031
2.1,4,0.007121701944516445,42,102936.15915541464,0,-0.07477014920139968
2.1,4,0.006035252394337665,18,102973.23731218968,0,-0.07726670192810925
2.1,4,0.005160153544549129,42,102919.70378763272,0,-0.07054359904861585
2.1,4,0.008973826804159923,42,102902.19130001278,0,-0.06944369924048566
2.1,4,0.008652310798985319,50,102912.96597544187,0,-0.08035826554064274
2.1,4,0.008122618320856922,42,103057.80104660864,0,-0.06990217207924143
2.1,4,0.0016770912040948716,42,102845.39980395179,0,-0.07125913933342387
2.1,4,0.002048890809934978,18,102948.11332223116,0,-0.07273084160223542
2.1,4,0.005338857828555366,42,103142.46609158618,0,-0.07378501029756546
2.1,4,0.003225000323406224,42,102793.74882743819,0,-0.08006879966992297
2.1,4,0.003085976202038765,42,103009.65366455297,0,-0.07495963932672156
2.1,4,0.0032848301678192193,42,103199.38067195354,0,-0.07338588288260306
2.1,4,0.0059756368836429985,42,103173.68225556781,0,-0.07770643383127629
2.1,4,0.006225892203144401,50,103275.8194139619,0,-0.0689709879425493
2.1,4,0.0013012796989357867,42,103068.79042575318,0,-0.07246322297841257
2.1,4,0.007590784533148209,42,103017.38873549343,0,-0.07492154381740512
2.1,4,0.005927747637873182,42,103267.1366058019,0,-0.06886405378629723
2.1,4,0.0005102950979538612,42,103296.78217260119,0,-0.07129443539216362
2.1,4,0.010793274338801062,72,103012.78953268814,0,-0.07059600835175361
2.1,4,0.00625258430556741,49,102935.27491150305,0,-0.06878302581364348
2.1,4,0.00294797897402832,42,102997.12281499711,0,-0.0730615358424731
2.1,4,0.0010591360156517737,42,102987.46944900703,0,-0.07873805505537401
2.1,4,0.0070158621118618925,50,103110.42312229583,0,-0.06901065751301827
2.1,4,0.0003252783945675297,42,102981.54538177316,0,-0.06852226059651789
2.1,4,0.007656356753857008,42,102905.57852283849,0,-0.07661059479827559
2.1,4,0.00406451885498571,42,103049.67885035017,0,-0.07838832235693838
2.1,4,0.009706462951866168,50,103418.67310716337,0,-0.06767725760448684
2.1,4,0.006485725595345215,49,102962.95200043179,0,-0.07088297835491542
2.1,4,0.008654395046295615,50,103078.49907855508,0,-0.06882129368428913
2.1,4,0.0035614629538551767,49,103125.63648125199,0,-0.06997098520337408
2.1,4,0.0070229108043706745,50,103173.93928715984,0,-0.07166154075178532
2.1,4,0.0040202435144447435,42,103041.04653110176,0,-0.07259645571002693
2.1,4,0.009588182287532554,50,103062.08080061211,0,-0.07046516159497651
2.1,4,0.00334766369982864,42,103107.08599331151,0,-0.0796050288575807
2.1,4,0.008140907355183025,42,103138.9097240207,0,-0.06811517000829292
2.1,4,0.0031295051969988386,42,103056.48450803231,0,-0.07319579887256111
2.1,4,0.004616291557598462,50,103131.14457803406,0,-0.07336288801719704
2.1,4,0.007069969465037573,50,103327.79299906641,0,-0.074517409061015
2.1,4,0.00260588791751859,42,103357.89866300095,0,-0.07222558540266633
2.1,4,0.007604190169427039,50,103084.88263403368,0,-0.07329484175150958
2.1,4,0.007852386958072888,49,103036.59614237273,0,-0.07431285879630645
2.1,4,0.008156420186365754,50,102999.06405023174,0,-0.08111635897979452
2.1,4,0.006862838026177265,50,103074.33387852566,0,-0.07730595534885154
2.1,4,0.006417623049954635,42,103150.00353804509,0,-0.06670915036829372
2.1,4,0.007701350879206981,42,103202.24221467928,0,-0.06942496374702145
2.1,4,0.0048597459397550224,49,102875.38116074656,0,-0.06631227640300175
2.1,4,0.006199808824344011,42,103163.42380053166,0,-0.07362140010989959
2.1,4,0.007208375908902553,42,103428.34555124311,0,-0.06853578228286317
2.1,4,0.0033009103923147265,49,102939.5239717734,0,-0.072266305454876
2.1,4,0.006887549691909189,49,103063.17951780901,0,-0.07459427758808523
2.1,4,0.008121606266537462,50,102968.61800153207,0,-0.07347477850368644
2.1,4,0.009900434676672898,50,103132.10895497854,0,-0.07123555152014704
2.1,4,0.0037045066350844813,49,103119.47883617203,0,-0.07329937636341288
2.1,4,0.009299533244552016,50,102790.60476021707,0,-0.07591662144790767
2.1,4,0.006677856980787045,42,103201.77881854397,0,-0.0843379457582234
2.1,4,0.007331182123203384,42,103165.47352038532,0,-0.07278206256251618
2.1,4,0.0027178867049335587,49,102916.42495202295,0,-0.07417711417045236
2.1,4,0.007582021143772266,42,103131.70298729722,0,-0.0707548221320975
2.1,4,0.008065125274363094,42,103277.375620573,0,-0.07086211456171565
2.1,4,0.0013912140698879583,42,102998.55214838145,0,-0.07226626559049132
2.1,4,0.0038614171465312097,42,103266.131691044,0,-0.07199849187843466
2.1,4,0.010374301321359969,50,102969.67567239364,0,-0.07456885921814704
2.1,4,0.005585672517896434,50,103218.70378227888,0,-0.07308659507866633
2.1,4,0.005866722376247857,42,103081.61662277671,0,-0.07125065025324151
2.1,4,0.003548760763313563,42,102836.41837365933,0,-0.07290075954832398
2.1,4,0.00541104715236429,42,102907.41342488649,0,-0.0702630885118829
2.1,4,0.0007295745722015745,18,103381.15031119381,0,-0.07036478052595152
2.1,4,0.004504633335634001,49,103101.47521342256,0,-0.07113903277487754
2.1,4,0.00616236588651109,49,103021.73642522097,0,-0.07552253993260516
2.1,4,0.0059411921676923996,18,103033.15525678679,0,-0.07322602892883667
2.1,4,0.0037317005386987567,42,103033.61468541592,0,-0.07065052884528411
2.1,4,0.009185823695028184,42,102859.92625518968,0,-0.07773521540815587
2.1,4,0.003772168053581826,50,103190.95630438934,0,-0.06849011997881149
2.1,4,0.007829518968520688,42,103343.6655191634,0,-0.07189764886174688
2.1,4,0.004053231864487916,18,103158.39864935742,0,-0.07125024265054769
2.1,4,0.00011664420480750337,42,102937.80151936578,0,-0.0766872179318221
2.1,4,0.00737189401668914,42,102979.19286753437,0,-0.07278246753643147
2.1,4,0.0009156766028817209,49,103213.31829007149,0,-0.0723325874481322
2.1,4,0.00849394948052229,50,103228.82196806814,0,-0.0676716615373234
2.1,4,0.002495739362302185,42,102846.24098557344,0,-0.0720735728009676
2.1,4,0.0014852553413593483,18,103172.64469120803,0,-0.07595634531077966
2.1,4,0.00647525383197145,49,102788.7618122436,0,-0.07090789025185273
2.1,4,0.008211860918806657,49,103006.38974353817,0,-0.07901110661992661
2.1,4,0.0016337356097420042,18,103321.53736045897,0,-0.06919708295458715
2.1,4,0.00512301157965922,42,103147.53429002255,0,-0.07067833365866605
2.1,4,0.007990177066859339,50,103050.47072745187,0,-0.07338550620230633
2.1,4,0.0010004041649760431,42,102919.23548207557,0,-0.07248246541516767
2.1,4,0.0039361293841424505,42,102986.10434942244,0,-0.0713210991309352
2.1,4,0.008487017637301975,42,103125.95097160753,0,-0.06778240232330957
2.1,4,0.00638202891266193,18,103206.87912112995,0,-0.06447804034090687
2.1,4,0.008293695620966712,42,103122.68329716047,0,-0.07526312621385767
2.1,4,0.0059194665496873355,42,103108.52176992994,0,-0.0694678675626541
2.1,4,0.00578815607054306,50,103079.3734265215,0,-0.07014184340299634
2.1,4,0.008921955326563591,50,103105.28527396325,0,-0.08477078813159755
2.1,4,0.009712330030163141,50,103104.89975141085,0,-0.07965751272577482
2.1,4,0.00878602634088077,42,103161.54025161787,0,-0.07380165088261981
2.1,4,0.00537541536738706,49,103304.03766158881,0,-0.06996264941344421
2.1,4,0.008144017369296819,50,103004.35187691766,0,-0.07735781502855321
2.1,4,0.004267921537034702,42,103080.27728977699,0,-0.07597786027341913
2.1,4,0.001982386750071896,42,103178.13356749626,0,-0.07998977917164618
2.1,4,0.0032185493111973607,42,103057.09779356199,0,-0.0689379058336752
2.1,4,0.0008332554202921116,42,102941.53997473468,0,-0.07298855004723448
2.1,4,0.00795943227191076,50,103080.68262413326,0,-0.06870464544658272
2.1,4,0.006389974044902935,50,103125.16462720612,0,-0.07677200817554342
2.1,4,0.006459739953380783,42,102855.21672039422,0,-0.06932868391485725
2.1,4,0.0010182008223340588,18,102944.89778652915,0,-0.07289542691488649
2.1,4,0.007248177154183022,42,102934.53358179909,0,-0.07171263444444653
2.1,4,0.0027690720940358737,42,102895.76024255392,0,-0.07208321757381286
2.1,4,0.007142404584389972,50,103255.62999260619,0,-0.07064834688603305
2.1,4,0.003231085128042821,49,103040.62921468502,0,-0.07321491032888305
2.1,4,0.0015678549946871456,18,103331.36903630724,0,-0.07229887531927437
2.1,4,0.006282900517180057,42,103121.44791275429,0,-0.07013791743611142
2.1,4,0.0051078720687351975,42,102931.0452188018,0,-0.07552705529657144
2.1,4,0.006082724063007916,42,103109.27747679653,0,-0.0651694298844494
2.1,4,0.0064446100736637035,50,103255.7321390138,0,-0.07554406289409199
2.1,4,0.00806992963945996,49,103221.07031526534,0,-0.06957197263517845
2.1,4,0.003939038359040303,49,103002.42769660172,0,-0.07989012526868633
2.1,4,0.0017605809519767313,18,103259.43511817849,0,-0.07017345542530684
2.1,4,0.0064264127693269835,50,103348.80088696975,0,-0.07428129693506147
2.1,4,0.00594619729811674,50,103202.59120827976,0,-0.06762433101352983
2.1,4,0.006785751359704051,50,103090.84491100223,0,-0.07663533787904164
2.1,4,0.006300550634013469,18,103119.46412579273,0,-0.07115047641473193
2.1,4,0.007529869051636773,50,103019.24554370242,0,-0.06728414660364113
2.1,4,0.007060446204517845,42,103037.96587801618,0,-0.07298494892166962
2.1,4,0.0016553077225509583,42,102962.51275945822,0,-0.07373049018333822
2.1,4,0.008507014652454181,50,103041.08206545372,0,-0.0845080428363234
2.1,4,0.0025025095830306654,42,102996.74983909805,0,-0.07371754299575306
2.1,4,0.006684159087607444,49,103105.02343056048,0,-0.07278170324944888
2.1,4,0.010141128763231588,50,102933.30398220144,0,-0.07187257373262623
2.1,4,0.0022237544766756656,18,103026.41388732685,0,-0.07688182261259247
2.1,4,0.00257305374103467,42,102791.6148069696,0,-0.07562998750329175
2.1,4,0.004936007336021397,42,103179.65425234847,0,-0.07244890007445859
2.1,4,0.0018754590151512929,42,103199.84334274936,0,-0.07078582162392699
2.1,4,0.00201043505845222,49,103094.55116053834,0,-0.07939464927198969
2.1,4,0.0063148214308506034,42,103152.83516413064,0,-0.07116118632900781
2.1,4,0.005107157687378017,42,102859.21129076456,0,-0.07359321338281832
2.1,4,0.00816686024123392,18,103331.53468313889,0,-0.07052419482884575
2.1,4,0.007191336544840166,42,103255.15133831491,0,-0.07008709589070783
2.1,4,0.009160021527624185,50,103035.07868215631,0,-0.07097283311510871
2.1,4,0.00668515858110208,42,103084.91015496259,0,-0.07563739638881506
2.1,4,0.0002092635220773964,18,103150.26041023746,0,-0.0802581734670933
2.1,4,0.004853949106146338,42,102901.07489858268,0,-0.06891713646447517
2.1,4,0.005899899376443862,50,103306.34578077406,0,-0.06857119566206826
2.1,4,0.008389717534555086,42,102978.21407827197,0,-0.07235392770010707
2.1,4,0.004887329702185639,49,103375.01730848828,0,-0.06765016990453043
2.1,4,0.004036101167816941,42,103047.3214323803,0,-0.07188652498117332
2.1,4,0.004630850409755638,49,103110.74465335617,0,-0.071695349046486
2.1,4,0.005887393889213222,18,102821.56964209309,0,-0.08102508776074213
2.1,4,0.007393228909100991,42,103202.50712747595,0,-0.07106186560650762
2.1,4,0.007471924255993301,42,102853.39946111511,0,-0.07015214535102965
2.1,4,0.004244993291781185,42,103070.49896048692,0,-0.07666277886508865
2.1,4,0.0037842139942294573,42,103206.71367334011,0,-0.06626286331985742
2.1,4,0.002328216865455701,18,103158.43894691665,0,-0.07153398446587556
2.1,4,0.004049574568642633,42,103037.21885094835,0,-0.07208875311642293
2.1,4,0.007306899437148573,49,102990.08579656927,0,-0.07312513003399168
2.1,4,0.005659051266581283,42,102900.79440440425,0,-0.08436569948069739
2.1,4,0.008428330803004869,42,103073.48449242387,0,-0.07594291379697182
2.1,4,0.005918754056986497,42,102866.06592504233,0,-0.07120603537901538
2.1,4,0.007251590466337721,42,103231.65379300485,0,-0.07916738892800801
2.1,4,0.008826189598725609,50,102916.46740014688,0,-0.07332839930046564
2.1,4,0.008870647248814478,50,102916.1664266042,0,-0.07690326675801762
2.1,4,0.0036087538417546305,49,102993.1801946813,0,-0.07295599016593934
2.1,4,0.008985277957026305,42,103184.01247719531,0,-0.07678977739650206
2.1,4,0.0011626537814146687,42,103042.6855308624,0,-0.07224994229092907
2.1,4,0.007256326147394798,42,103081.35820864441,0,-0.06752778860551478
2.1,4,0.007737441826270786,42,103161.46311379546,0,-0.06793381821645994
2.1,4,0.005798598189441062,42,103170.48519254067,0,-0.0789315676354323
2.1,4,0.008376855929506544,42,103219.97253222777,0,-0.07187746233845749
2.1,4,0.00873289635058061,42,102944.11769816733,0,-0.07290660786416936
2.1,4,0.007818396627133684,42,102910.6914318768,0,-0.08309086099761842
2.1,4,0.006301458657086201,42,102893.15774559611,0,-0.07744683156272103
2.1,4,0.004872687138774978,42,102774.55786311114,0,-0.07494665203052531
2.1,5,0.0015564912754504334,28,110624.75905010357,0,-0.11780643690564774
2.1,5,0.0047700424771246475,28,110877.48426648194,0,-0.11825512693085094
2.1,5,0.0032882321833014316,54,111045.62521367724,0,-0.11775944038108865
2.1,5,0.000254451143039347,28,111102.35432805817,0,-0.1179163143649471
2.1,5,0.006801201222990105,28,111011.72450637656,0,-0.12071871473279128
2.1,5,0.0006796545621186034,28,110646.86704994275,0,-0.11986644739270247
2.1,5,0.0008932335601987695,28,110988.33221675832,0,-0.11875974358584451
2.1,5,0.004201097600674331,28,110592.52852070288,0,-0.12278257946103355
2.1,5,0.00016754614202696416,54,110794.78240209183,0,-0.11991087081428975
2.1,5,0.002768680852995864,28,110802.93382845455,0,-0.11763014945862604
2.1,5,0.0006565853885951434,28,110884.18486642902,0,-0.11430469951057698
2.1,5,0.0045641439757262425,47,110890.86783665311,0,-0.11807107808049278
2.1,5,0.0013906086169632736,28,110755.43501377433,0,-0.12020532225325997
2.1,5,0.0014435351363251137,28,110836.21617540838,0,-0.1165324951749358
2.1,5,0.00568866822280123,47,110863.34652280663,0,-0.11804995500271054
2.1,5,0.0009278193882580332,28,110963.90296208863,0,-0.115254194508708
2.1,5,0.00271716043307757,28,110950.17496161174,0,-0.11830501654625492
2.1,5,0.0014402074588248936,28,110728.92836007597,0,-0.11753086264043033
2.1,5,0.003116897909769545,28,110866.37594159984,0,-0.12110080292967917
2.1,5,0.0007456604494158192,47,110896.19695150401,0,-0.11883952767094486
2.1,5,0.0005557684778776384,28,110786.7239242493,0,-0.1169814231571169
2.1,5,0.004344809704854402,28,110798.75863151481,0,-0.1208235943427145
2.1,5,0.004124760704431019,28,110916.33158947037,0,-0.12000604366739753
2.1,5,0.0014900256009462431,54,111031.69454384728,0,-0.11837000806845888
2.1,5,0.0006179905618730608,47,111082.31857969794,0,-0.11871707829833089
2.1,5,0.001227869245132407,28,111001.95482468954,0,-0.11904622094239481
2.1,5,0.004488023869246405,54,110757.60937170111,0,-0.12152603734976752
2.1,5,0.0009340482272195416,54,110888.56768217645,0,-0.11815455529800678
2.1,5,0.0004242210869005447,28,110791.56248731323,0,-0.11861948824734658
2.1,5,0.0017963433210383961,28,110972.3272528798,0,-0.12297158792468177
2.1,5,0.0031710560287936396,53,110771.31087080896,0,-0.1220709111727778
2.1,5,0.004116041547025162,54,110675.71030431795,0,-0.11825357357554034
2.1,5,0.00010380632568596226,47,111038.7482065679,0,-0.11697016664166338
2.1,5,0.00671845716488928,28,110761.03963228571,0,-0.11981477814190034
2.1,5,0.004532484639360401,28,110778.67261000663,0,-0.11831008552012445
2.1,5,0.000412558387968609,47,111058.63203344522,0,-0.11888791034257684
2.1,5,0.006681056676843156,28,110795.8480199866,0,-0.12236395446103399
2.1,5,0.0016656891346338298,28,110777.12053611217,0,-0.11740969960309888
2.1,5,0.0009888301295246649,28,110828.3233136365,0,-0.11964292946025834
2.1,5,0.0038926908726897302,28,110814.76333518808,0,-0.1210268584606744
2.1,5,0.0021162996105075216,53,110885.22311464696,0,-0.1212404403580245
2.1,5,0.0037288846391256847,47,110918.76494688999,0,-0.11958675552737197
2.1,5,0.0038581624110478607,53,110945.48339931076,0,-0.12054534643953474
2.1,5,0.0015535440629221853,28,111035.64659469463,0,-0.12012656208370065
2.1,5,0.0031345492041032763,28,110800.69172896513,0,-0.12208907272652758
2.1,5,0.001188705263734935,47,110920.79572159766,0,-0.11695618008917474
2.1,5,0.0009514843392333105,28,110712.17972392144,0,-0.12047686874482211
2.1,5,0.0017938967716197851,53,110775.32104576367,0,-0.1201366153694381
2.1,5,0.00234932968850865,28,110789.44470713368,0,-0.11739020477363438
2.1,5,0.005709441433180196,28,110865.20305809655,0,-0.11945826852626351
2.1,5,0.0016149050036853296,28,110986.12353922849,0,-0.12008313052709108
2.1,5,0.0036278669363358773,28,111028.38033342011,0,-0.11599344525674926
2.1,5,0.0023691085010870694,28,110731.8124290386,0,-0.11737522279826651
2.1,5,0.0018473190174921328,28,110848.44273646099,0,-0.11618101380276302
2.1,5,0.0004986392227799286,28,110796.40816784801,0,-0.11401638590498941
2.1,5,0.004269617339423437,54,110847.66499112094,0,-0.115608542667623
2.1,5,0.00030345851522239897,28,110868.44012666064,0,-0.11533492513736299
2.1,5,0.0007322670274212406,28,111019.55057908787,0,-0.12130213031766068
2.1,5,0.002373290152230201,28,110956.9545846254,0,-0.12260402533957082
2.1,5,0.004333696140816912,28,110912.72946009776,0,-0.11809747367527756
2.1,5,0.002759169882907919,53,110862.35797836416,0,-0.11648584924552963
2.1,5,0.000891404552742614,28,110875.51288864683,0,-0.12092437892491015
2.1,5,0.00035413543057005725,28,110850.78270601651,0,-0.1191211780194783
2.1,5,0.0016059418189606767,28,110776.61602778867,0,-0.11917630819191838
2.1,5,0.004005117565299088,54,110784.89619363417,0,-0.12081891152213431
2.1,5,0.002862094547084304,53,110665.6946423453,0,-0.11901928332646294
2.1,5,0.004132329733193885,54,110624.59663627735,0,-0.1178691597409196
2.1,5,0.003573326022065615,28,110794.32701740233,0,-0.11995706080618351
2.1,5,0.0008098345847216137,47,110875.52228334035,0,-0.12095326594743616
2.1,5,0.0006461565915065748,28,110752.23889582041,0,-0.11648345610410193
2.1,5,0.0028630024892550843,28,110959.68949546006,0,-0.11824716934350499
2.1,5,0.0040603528069640404,53,110823.76533707183,0,-0.12011087010454413
2.1,5,0.005620106005423509,28,110917.41388509425,0,-0.11956584947702509
2.1,5,0.005401284318612198,28,110857.5951095608,0,-0.12199184804431096
2.1,5,0.0006155100744789088,28,110826.62294803822,0,-0.11877284856468329
2.1,5,0.0006828438982857676,28,110997.93485344968,0,-0.11851956192304947
2.1,5,0.0003141419569532289,28,110773.16492284412,0,-0.11694005943627661
2.1,5,0.0032646546535821663,28,110841.31748765087,0,-0.11934151805380044
2.1,5,0.00029962707597741556,28,110936.48655218208,0,-0.12149059490839242
2.1,5,0.003173562771589644,28,110902.80725955579,0,-0.12079341801044552
2.1,5,0.0025969344420970764,47,111055.52873424986,0,-0.11918132020529648
2.1,5,0.0032613268167120957,28,110921.36651581922,0,-0.12383997747624753
2.1,5,0.0014945325259350106,28,110981.7688667922,0,-0.11867354462213497
2.1,5,0.0009664004805998161,28,110798.22483413755,0,-0.11835038984054269
2.1,5,0.002068271114012976,28,111113.95123157627,0,-0.1209984483374913
2.1,5,0.00029357499417415056,28,110784.1853628183,0,-0.1185081816318081
2.1,5,0.004403732445621866,28,110822.68337207532,0,-0.11728012127164278
2.1,5,0.001751638702355507,53,110944.46672256941,0,-0.1137127307262571
2.1,5,0.004675226582751879,28,110863.40250551736,0,-0.11894013739139586
2.1,5,0.0015900867471656532,28,110938.4766870151,0,-0.11644322580203359
2.1,5,0.004365203193165801,54,111069.24501808424,0,-0.11733644135478527
2.1,5,0.0016701090803734608,53,110749.13115614674,0,-0.11798738616120263
2.1,5,0.0019342243597733066,28,110910.54247446397,0,-0.11794682478635199
2.1,5,0.005334802152419549,28,110848.25956845039,0,-0.11942387629121853
2.1,5,0.0016031145743142794,53,110780.60648077574,0,-0.11697874332414848
2.1,5,0.0038266695200159795,28,110777.8119893976,0,-0.11857093508566474
2.1,5,0.0036447414976552572,28,110753.52833651291,0,-0.11972491236345251
2.1,5,0.0002606766448298714,28,110942.48973139268,0,-0.11736858741064737
2.1,5,0.0065386601107713105,28,110761.56427872204,0,-0.11504659367979952
2.1,5,0.0004797085312326921,28,110949.28580842091,0,-0.11735793284624685
2.1,5,0.0006419144098521734,28,110921.56298446814,0,-0.11735162794580667
2.1,5,0.000298976490027858,54,110977.35507544078,0,-0.11951101530647201
2.1,5,0.004649968419276451,28,110780.44458504963,0,-0.11954823293775552
2.1,5,0.005480874609631314,54,111028.23101709901,0,-0.11626815141052704
2.1,5,0.00024869788001202764,47,110895.20890143902,0,-0.12093135359284202
2.1,5,0.0016878474034354163,28,111040.67710011343,0,-0.11828851276542562
2.1,5,0.0019487242457736365,28,111014.98721116585,0,-0.12033079462007867
2.1,5,0.002204927336082463,53,110849.9882675998,0,-0.12000310644166667
2.1,5,0.001965589416168534,54,111038.26793776466,0,-0.12002951051931299
2.1,5,0.002555568203908898,53,110807.86449899914,0,-0.11651202115927939
2.1,5,0.0009516580494066673,28,110991.99207090326,0,-0.11785199275930536
2.1,5,0.00239998057213775,54,110981.82960248616,0,-0.12350165748646535
2.1,5,0.001215622171879982,28,110830.37228544672,0,-0.11662010331262795
2.1,5,0.0004968772373756813,28,110917.31292869206,0,-0.11698644647197831
2.1,5,0.0019504789907895947,28,110987.8909354682,0,-0.11848261863644405
2.1,5,0.00041817121422216275,28,110888.99429931273,0,-0.11641117106343524
2.1,5,0.0024709162698668408,28,110995.71228972102,0,-0.11550212048608466
2.1,5,0.003579723239546251,28,110760.65037726144,0,-0.11837282927465709
2.1,5,0.0014170113743605661,28,111068.75713439511,0,-0.12087717102067241
2.1,5,0.00203793122552387,54,110722.67668409932,0,-0.1162165250734315
2.1,5,0.002733618097699342,54,110838.79356089013,0,-0.12087639204210743
2.1,5,0.0018160842842758207,53,110787.06949711905,0,-0.11554679962174319
2.1,5,0.0016670715331503771,28,110841.55852506153,0,-0.11627196657326921
2.1,5,0.0007074944641782821,47,110934.73724003664,0,-0.11777192238091572
2.1,5,0.0007096567389286434,28,110782.89445926566,0,-0.11523312124497154
2.1,5,0.001183645181957349,53,110707.2259853623,0,-0.11838661183249855
2.1,5,0.004386017481586624,53,110796.19927896485,0,-0.11734292582204753
2.1,5,0.0030680230961772637,54,110887.1077693226,0,-0.12150289763174338
2.1,5,7.42867159342353e-06,53,110833.08595038761,0,-0.1163388068456972
2.1,5,0.001957758430853662,28,110843.15628080149,0,-0.12110056713636896
2.1,5,0.00022498083401334412,28,111138.3960181006,0,-0.11790547363115467
2.1,5,0.001023673406579384,28,110886.95834249006,0,-0.118200701677041
2.1,5,0.0012574616711091835,28,110899.85761761111,0,-0.11614915615449095
2.1,5,0.004126078462494132,28,110937.55221973243,0,-0.11832328718235763
2.1,5,0.0020571171746905925,28,110821.47322721472,0,-0.11941988424527117
2.1,5,0.004495424118166724,28,110759.36035724216,0,-0.12195945495135652
2.1,5,0.0013852948418295874,47,110968.66243253202,0,-0.11888736674188394
2.1,5,0.00525945547204687,54,110828.04070368501,0,-0.11797090058908366
2.1,5,0.0006663669820929918,28,110777.69246114438,0,-0.11987476332219504
2.1,5,0.005273285984508824,54,110756.21535122911,0,-0.12004547607136251
2.1,5,0.0014001804077432567,28,110748.16528265021,0,-0.11655326653427123
2.1,5,0.00184298555980833,28,110827.82088126955,0,-0.12042169790979407
2.1,5,0.0020102061874625043,28,111066.84561449577,0,-0.12173778424454551
2.1,5,0.001645836961941427,28,110853.74578340317,0,-0.11874933085252226
2.1,5,0.0022596081780776878,54,110939.42549942968,0,-0.12188682850848376
2.1,5,0.002074085625499933,28,110938.54591913613,0,-0.11661974933965213
2.1,5,0.003983404568777882,28,110790.11874441373,0,-0.12319894137714571
2.1,5,0.000964144482743734,28,111120.59675598056,0,-0.12038217316644317
2.1,5,0.0009790374502554045,28,110739.48416288712,0,-0.11437726523961866
2.1,5,0.0038756304059579527,28,110897.28677230113,0,-0.1181437327905166
2.1,5,0.00037403242704137085,28,110703.18129636136,0,-0.1192195602606616
2.1,5,0.0026970702717861172,53,110811.80558235392,0,-0.11902310296150587
2.1,5,0.0037501647860342935,28,110940.00041297883,0,-0.1172631936658679
2.1,5,0.0022229634077706173,28,110760.033231702,0,-0.1186201239359681
2.1,5,0.00016112062137052519,28,110943.95497126947,0,-0.12151429503485156
2.1,5,0.0002940290253761191,54,110986.2475205456,0,-0.11634774593208053
2.1,5,0.0006790109022993818,28,110894.10130450489,0,-0.1130684755849094
2.1,5,0.002900277457530187,28,110716.19416011586,0,-0.11863206564432338
2.1,5,0.0034726920311389797,54,110646.1521934209,0,-0.11982411373662472
2.1,5,0.001408601596702752,28,110746.02858715484,0,-0.1204475529102611
2.1,5,0.0018004489921708,28,110675.9639948241,0,-0.11895740546690758
2.1,5,0.001299813888555601,28,110785.70749063826,0,-0.11818732877455052
2.1,5,0.0013468991764638005,47,110749.74575981658,0,-0.12021247650213995
2.1,5,0.0002588279901631907,28,110778.82085495045,0,-0.11921512620093089
2.1,5,0.001140695175123163,28,110708.20578519178,0,-0.11992027509766401
2.1,5,0.005237255640635041,28,110918.56920781777,0,-0.11642235232218878
2.1,5,0.001253041484575057,28,110684.15571165731,0,-0.11849312162492875
2.1,5,0.0006246085365049225,28,110945.84246501427,0,-0.1254185267337038
2.1,5,0.005453898289545123,28,110808.31173820091,0,-0.11965536244362474
2.1,5,0.0016709120861087001,28,110834.5055006318,0,-0.11864873989868374
2.1,5,0.0035280198716041156,54,110899.58577677031,0,-0.12078877779415031
2.1,5,0.0049089559341317646,53,110747.01914102078,0,-0.12004500071912583
2.1,5,0.0010217787323112404,28,110844.39584561084,0,-0.11467319278027466
2.1,5,0.003755575980045389,28,110977.98611240527,0,-0.12386843232602596
2.1,5,0.00025315467558018057,28,110714.55733038911,0,-0.11671629968607555
2.1,5,0.000774789249287533,28,110859.24521139082,0,-0.11917146963786918
2.1,5,2.183427228441559e-05,28,111091.25465161738,0,-0.12081044130472818
2.1,5,0.004215176633369122,28,110890.83327398656,0,-0.12060751327234986
2.1,5,0.0035484268709247146,28,110871.87450012006,0,-0.11855285525883108
2.1,5,0.0020260944981211892,28,110738.40954519097,0,-0.11464215622978613
2.1,5,0.00220635345396758,28,110752.64159041755,0,-0.11883627597902358
2.1,5,0.0030827465264189335,28,110722.21452368882,0,-0.11798776233806074
2.1,5,0.004569307437305881,28,110928.23946164655,0,-0.11882769507761837
2.1,5,0.0005974191490305536,28,111142.25677508498,0,-0.11766820001131029
2.1,5,0.0025687263856757347,28,110900.78792633465,0,-0.11504545636670604
2.1,5,0.002862754699572978,54,110900.74068000351,0,-0.12131204922204164
2.1,5,0.0005079723782444034,28,111026.41952451323,0,-0.11800166935391365
2.1,5,0.0009959901169720453,28,110827.98450992873,0,-0.11927063875286659
2.1,5,0.00012301623384214366,28,110763.63948265486,0,-0.11783775457552159
2.1,5,0.001367240650858026,53,110709.93769228869,0,-0.12055050541643952
2.1,5,1.0921080216164114e-05,28,110758.83784344903,0,-0.11835340042673859
2.1,5,0.0014686932123688656,28,110808.80692332858,0,-0.12261467854338348
2.1,5,0.001801529759789311,28,110826.41993829928,0,-0.11773005070527476
2.1,5,0.00020375181138909682,28,110761.04413549643,0,-0.11659482728438242
2.1,5,0.004137183852657156,54,110788.8948142423,0,-0.12133112385099398
2.1,5,0.002162693275988392,53,110796.69975282134,0,-0.1187180388548934
2.1,5,0.0011998647452560185,28,110920.78762065212,0,-0.11898314089720907
2.1,5,0.0016370960675202717,28,110616.15687793781,0,-0.12072084175662168
2.1,5,0.0021859285756855584,47,110766.39958180713,0,-0.11495796629678101
2.1,5,0.0004121748525247604,28,110800.58790464485,0,-0.12172173831924638
