2.1,1,0.006273943043280106,39,72025.70964752336,0,-0.09997657206288224
2.1,1,0.006822751712167285,39,72107.97984760112,0,-0.10184355152575475
2.1,1,0.005242743675141437,39,71935.70292103729,0,-0.10351680601579827
2.1,1,0.0024843887514474083,39,72023.09614603028,0,-0.10013144113093175
2.1,1,0.004983431828109008,39,71967.1587828843,0,-0.10168611589424859
2.1,1,0.005508305102647437,39,72032.4791046413,0,-0.10136647746561733
2.1,1,0.002992439152903259,39,72006.34229911024,0,-0.10622958391144866
2.1,1,0.0048655270343624935,39,72010.4203024621,0,-0.10214589172189359
2.1,1,0.003932472110709906,39,72105.68418574124,0,-0.10265203363873221
2.1,1,0.0015769563833223366,39,71949.84751312798,0,-0.09801035618690523
2.1,1,0.0039004028206068853,39,72115.10424123128,0,-0.10306584253296136
2.1,1,0.006322727032184616,39,71977.97410070308,0,-0.10223501115930489
2.1,1,0.001716321167609447,38,72121.54932461433,0,-0.1024132607332886
2.1,1,0.004401164803546909,39,72038.20076949148,0,-0.10244420291013645
2.1,1,0.005909118977061478,39,72005.27507445904,0,-0.10113670651585371
2.1,1,0.007894139586146487,39,71937.27977229797,0,-0.09940179479369915
2.1,1,0.009388745273778643,39,72097.41047975987,0,-0.10212021662682069
2.1,1,0.00023095243709869706,38,72034.51093159577,0,-0.10203382414384654
2.1,1,0.0028203379942013385,38,71956.98682162564,0,-0.1005752844161476
2.1,1,0.0036830053907399574,39,71881.87804028658,0,-0.09953495686801617
2.1,1,0.0043008096231074155,38,71933.49803480161,0,-0.09988231531121627
2.1,1,0.006934794549947387,39,72037.7872713855,0,-0.10442713816757254
2.1,1,0.0013612604411448181,40,72035.85336282245,0,-0.10421398581582286
2.1,1,0.0058257356572561925,39,72050.84529963008,0,-0.1003253210550068
2.1,1,0.009650027492929425,39,71974.27525898391,0,-0.09955610880508425
2.1,1,0.0006399958495442171,38,72006.6699182226,0,-0.1007100574711215
2.1,1,0.0072837273271204594,38,71979.34128739951,0,-0.10003409330874846
2.1,1,0.0032741605464172707,38,71985.31537259264,0,-0.10479591521289255
2.1,1,0.008605692223830452,38,72013.43308583436,0,-0.1007680504167594
2.1,1,0.0055039793189237685,39,72063.32994864312,0,-0.10259672142097243
2.1,1,0.00011994636638545941,38,72089.04049847931,0,-0.10117749985600999
2.1,1,0.005553186639866148,39,71982.12158242402,0,-0.10353485533117168
2.1,1,0.009117406504620007,39,72079.81026600796,0,-0.10335511450581625
2.1,1,0.004291326420617914,39,71992.82757337918,0,-0.10055164092669022
2.1,1,0.002894404293910746,39,72052.24533511544,0,-0.10314405365081991
2.1,1,0.0007905886044041743,39,72019.90352900008,0,-0.09932495572327271
2.1,1,0.0039469932037792255,39,72025.18248493472,0,-0.10297757844387956
2.1,1,0.004701645683446554,38,72003.33465635552,0,-0.1040079793920583
2.1,1,0.004704672771865148,39,71997.734930532,0,-0.10374948442200416
2.1,1,0.0066451558505677966,38,71985.5089175202,0,-0.10271207651998782
2.1,1,0.011642267029539077,38,72071.76741002558,0,-0.10501469133952357
2.1,1,0.002896089976842209,39,72037.35179499301,0,-0.10580554696469013
2.1,1,0.0033229277327140316,39,72039.7613350899,0,-0.10063059218972059
2.1,1,0.0028277402830454434,39,72051.054303454,0,-0.10309365173393936
2.1,1,0.005191684748534708,39,72056.97729364655,0,-0.10383116221434219
2.1,1,0.008406522125339766,38,72057.80970598299,0,-0.1069126277236867
2.1,1,0.0032595664873444896,38,72017.32092578281,0,-0.10455884001839166
2.1,1,0.004887176387828429,39,72004.79974388918,0,-0.1059320780381856
2.1,1,0.008982030831611088,38,71938.26455355111,0,-0.10222880665605238
2.1,1,0.00610320081569693,38,72117.8431049859,0,-0.10183476960101268
2.1,1,0.006772435871862825,39,71942.3602004266,0,-0.10064199134389007
2.1,1,0.006439609128277901,39,72015.70723970344,0,-0.10040238430647186
2.1,1,0.004411971616656629,38,71970.0860072479,0,-0.09979298005068049
2.1,1,0.0066957197521730905,39,72076.49330435164,0,-0.10127241272180032
2.1,1,0.00561142512922963,39,71939.96272717165,0,-0.10150044054447682
2.1,1,0.00578217045461793,38,72095.69122759142,0,-0.1024383602857315
2.1,1,0.0065232635136163175,39,72005.66481536283,0,-0.1009089648088457
2.1,1,0.0045913568728979115,39,72050.09184220851,0,-0.10301897711018126
2.1,1,0.00404513076475288,39,71992.66426155539,0,-0.10080979533106271
2.1,1,0.0008680343730547158,39,71974.29729723015,0,-0.10401928204155264
2.1,1,0.002079546524763387,39,72076.28278848392,0,-0.10457319444127311
2.1,1,0.010298247825527795,39,72015.61352583244,0,-0.10370371125488287
2.1,1,0.00840078006795375,39,71988.60443937179,0,-0.09942731641986002
2.1,1,0.005570983858672829,39,72084.97422061686,0,-0.1000035471327323
2.1,1,0.005818811977929439,39,72020.6805279825,0,-0.1043537684756759
2.1,1,0.0035522128912890416,39,72004.54590077375,0,-0.10127902098482577
2.1,1,0.006753644811650972,39,71993.859651218,0,-0.10318368080713891
2.1,1,0.006702173567404213,39,71983.78381070499,0,-0.0986241263495371
2.1,1,0.002347385738452168,40,71971.73048784163,0,-0.1019845009588416
2.1,1,0.005770270246565179,39,72077.07858401848,0,-0.10315254211351088
2.1,1,0.004425243101043641,38,71965.44075872141,0,-0.10024154652683959
2.1,1,0.008525313009472235,38,72031.22313755861,0,-0.10175914277290654
2.1,1,0.0037537359314354646,39,71995.25444180494,0,-0.10353432682430896
2.1,1,0.00444851488099296,38,71982.46915554396,0,-0.10034659078605812
2.1,1,0.005065089503508702,39,71997.19332502136,0,-0.10487068998183391
2.1,1,0.007009620709424347,39,71929.4075446991,0,-0.10473205967205201
2.1,1,0.0017430757783163386,39,72070.21048550383,0,-0.10219049810383884
2.1,1,0.0002106945291586726,38,71985.41444436,0,-0.10030240107356048
2.1,1,0.002800592800197066,39,72019.2188579308,0,-0.10218499670512626
2.1,1,0.0005246317610669848,39,72099.03977560865,0,-0.10110070117925463
2.1,1,0.008544775247984138,38,71975.13780594265,0,-0.10345032825062361
2.1,1,0.005107382673515293,39,72041.87747933072,0,-0.10309865251082839
2.1,1,0.002827838475030653,39,72024.52657876768,0,-0.10307483179902688
2.1,1,0.009519170260501308,39,72011.42018690267,0,-0.10487245978302329
2.1,1,0.003298707609141971,39,72006.37624389262,0,-0.1052855802573558
2.1,1,0.006397281959679368,39,71985.79525890229,0,-0.10007577514119226
2.1,1,0.00860702662579138,39,72066.14195558407,0,-0.10452750894624652
2.1,1,0.0012486686495005728,38,72039.21015557398,0,-0.09920317057112227
2.1,1,0.0048796583785817305,39,71950.05658963106,0,-0.10319933482327959
2.1,1,0.00995210181816697,38,71970.44520542452,0,-0.1020914103034356
2.1,1,0.008203336587644827,39,72009.8389975955,0,-0.10083515082147598
2.1,1,0.0005565979416215505,39,71945.82316411907,0,-0.09870179473194796
2.1,1,0.005545694772845167,39,72008.14579334347,0,-0.10398661728453473
2.1,1,0.0017582466366352634,38,72024.24811086766,0,-0.10102581661417132
2.1,1,0.004557900992607333,39,72029.59271343796,0,-0.10526652933990999
2.1,1,6.581571237873618e-05,38,72048.00598934603,0,-0.10147824750012946
2.1,1,0.0033441941844380985,40,72038.41492015179,0,-0.10271797203441002
2.1,1,0.0049425277079011565,39,71990.38820533564,0,-0.09948434473021894
2.1,1,0.007501241703423034,39,71970.36410534153,0,-0.10279666649658714
2.1,1,0.009593224403367184,39,72035.33486609053,0,-0.10116503622534112
2.1,1,0.005189456036765794,39,71950.17818831575,0,-0.10211750635424544
2.1,1,0.011653873322645225,39,72046.27352561419,0,-0.10326591745223945
2.1,1,0.002419491338234714,39,72058.53198047024,0,-0.10134692901076514
2.1,1,0.004794031810180677,39,71991.58656067426,0,-0.1031695263887571
2.1,1,0.007226028995208633,39,71939.78202190755,0,-0.10133848190577521
2.1,1,0.00916202209513406,38,71989.51637957303,0,-0.10123040089072544
2.1,1,0.006435306273379737,38,72033.68448886769,0,-0.10331919764042663
2.1,1,0.008819144754546482,39,71953.6225177813,0,-0.09975476513540071
2.1,1,0.008181821879936102,39,72021.58180429162,0,-0.10591023042497127
2.1,1,0.007658513748058926,38,71933.87172830457,0,-0.10231248222341915
2.1,1,0.005976576331196526,39,72003.32072658703,0,-0.09876267154641827
2.1,1,0.0030735939479500374,38,72022.32091093138,0,-0.10249018736579374
2.1,1,0.006185740007723428,39,72085.17541298701,0,-0.10300266065919139
2.1,1,0.013237847270813674,38,71977.89972277916,0,-0.10231625606336459
2.1,1,0.0009094892276499955,39,72041.13497186011,0,-0.1030097165493622
2.1,1,0.0024464733020255203,38,72004.83444053803,0,-0.10464810971322502
2.1,1,0.0035627259508066444,39,72019.94961366814,0,-0.1013396141928875
2.1,1,0.0033879834684173993,39,71998.58435977004,0,-0.10241978843577115
2.1,1,0.009566264718907203,39,72003.35328492643,0,-0.10060468782266208
2.1,1,0.004011981411327081,39,71998.56336996681,0,-0.10436658269644017
2.1,1,0.011552717664843115,39,71968.84994116094,0,-0.10074509596731929
2.1,1,0.005236534058484121,39,72043.29820374923,0,-0.09924193298692785
2.1,1,0.003697162031324641,38,71965.74796288957,0,-0.0985456158836957
2.1,1,0.0005789197784458189,38,71935.98430289296,0,-0.1013384802710946
2.1,1,0.002881761979979025,40,71962.65335245348,0,-0.10308332370476547
2.1,1,0.0034124134656359217,38,72037.32055210901,0,-0.10009294663436608
2.1,1,0.0056430711275989864,39,72047.69259226252,0,-0.10016283126988679
2.1,1,0.0032096111841428687,38,72107.90754277608,0,-0.10046488267673781
2.1,1,0.004078793319101326,39,72042.0947083555,0,-0.10115793434057885
2.1,1,0.007214736966394852,39,72021.89267635312,0,-0.10131115074687358
2.1,1,0.006871705900126646,39,72024.31513900553,0,-0.10076054678808832
2.1,1,0.0039088431325988715,39,71968.10957993026,0,-0.10186455161580232
2.1,1,0.008437018620901071,38,72017.28053725626,0,-0.10336209887025172
2.1,1,0.004873053411432071,39,71995.12823146132,0,-0.10093813844317245
2.1,1,0.005650205863835911,39,71985.97918704138,0,-0.10007128475443738
2.1,1,0.006848257762405829,38,71885.73104280749,0,-0.0975381856549471
2.1,1,0.004033561462583712,39,71993.17867116169,0,-0.09924550870262427
2.1,1,0.003773250733416056,39,71925.21728310219,0,-0.10017874035512642
2.1,1,0.004332414276803753,39,71987.71640897868,0,-0.10423298326965336
2.1,1,0.0049717829507431865,39,71964.45092912484,0,-0.10440028772542398
2.1,1,0.0034815944768524787,39,71961.57101866225,0,-0.10157304414454882
2.1,1,0.007723998348369676,39,72004.24690378386,0,-0.10130197417033826
2.1,1,0.006800040813796482,39,72034.32589300293,0,-0.10291400513030458
2.1,1,0.0028553080250426355,39,72004.03811408684,0,-0.10476010958379
2.1,1,0.00498627389320383,38,72024.31810577023,0,-0.09843436371274894
2.1,1,0.0054868454081735685,39,72045.56846665466,0,-0.10171846669946882
2.1,1,0.005335158219911484,39,71900.75250331966,0,-0.10329663739136086
2.1,1,0.0003792773661430715,39,71981.89512821258,0,-0.1044190423950242
2.1,1,0.007376094005727918,39,71986.89523486939,0,-0.10032408053511599
2.1,1,0.010202440597030904,39,71951.1560767607,0,-0.10434907040776098
2.1,1,0.004827664387007324,38,71986.7332176222,0,-0.1009594417281503
2.1,1,0.0028628393256870943,38,72140.49961594299,0,-0.10436825418610818
2.1,1,0.0034522129823404413,39,71922.39322305836,0,-0.10400474858117326
2.1,1,0.008469883260327382,39,72088.46538441021,0,-0.10026448983779934
2.1,1,0.003021800816922937,39,72093.41382299234,0,-0.10417925447516119
2.1,1,0.005615075362330746,39,72077.96514317248,0,-0.10376043013130043
2.1,1,0.00837235272405934,39,72046.6219536055,0,-0.10291632655377847
2.1,1,0.0034566798025066348,38,71917.400006774,0,-0.1016307874090625
2.1,1,0.00892106920038005,39,71948.39991802737,0,-0.10287835590999772
2.1,1,0.00696116028795668,39,71959.30865979474,0,-0.09993097141496099
2.1,1,0.007535328625480453,38,72055.61788644893,0,-0.09699863248169027
2.1,1,0.006353471674239941,39,71892.911778427,0,-0.10187091921855185
2.1,1,0.004799115898157069,38,72096.56546516977,0,-0.10171255725553552
2.1,1,0.006794699151140726,39,71977.62299550728,0,-0.10095669381306394
2.1,1,0.002186084030773916,39,71945.83583099436,0,-0.1021719659320075
2.1,1,0.0015669078849893658,38,71996.49254353062,0,-0.10212940971081474
2.1,1,0.009497885750044954,39,71979.70761687479,0,-0.10209368951004816
2.1,1,0.002513479623691861,39,71973.33185168645,0,-0.09638744450335812
2.1,1,0.007591250028696539,38,72097.76286230244,0,-0.10344707822572952
2.1,1,0.007290528428456788,39,72010.36242267466,0,-0.10260925165002344
2.1,1,0.005902731287091623,38,72095.21414871985,0,-0.0989772749221891
2.1,1,0.004134235718816104,39,72040.24331546405,0,-0.10251046442267953
2.1,1,0.004542261098515521,39,72049.66019235748,0,-0.10212662557418417
2.1,1,0.004757041383218308,39,71957.31352896459,0,-0.10182861347763295
2.1,1,0.003982403147364089,39,72012.34129654658,0,-0.10082544624478684
2.1,1,0.004602682079001941,39,72016.61428259317,0,-0.10222668459693218
2.1,1,0.007579984607815948,39,72059.5173362204,0,-0.09876802946583085
2.1,1,0.005526470885310442,39,72015.67469946417,0,-0.1033044892100432
2.1,1,0.002288311675499255,39,71947.19380016753,0,-0.10186496247072441
2.1,1,0.0024439538097258406,39,72004.17762390671,0,-0.10125590506768178
2.1,1,0.011105860724962113,39,72005.01903864926,0,-0.10088612530799246
2.1,1,0.003671252446099338,39,71920.72847634256,0,-0.10013610817399665
2.1,1,0.002110204991299991,39,72057.46833424408,0,-0.10142146531154128
2.1,1,0.004263515460958711,38,72024.65960460388,0,-0.10003571686808099
2.1,1,0.002907134745156359,39,72010.36106101135,0,-0.10171799771615353
2.1,1,0.003267838883981522,39,71975.74583637115,0,-0.1024678354753008
2.1,1,0.003753873009919584,39,71988.78114050253,0,-0.10106318818810855
2.1,1,0.005424131080496775,38,72000.7280640851,0,-0.10270124446852824
2.1,1,0.002225309260957875,39,71992.71613603138,0,-0.10422007899798325
2.1,1,0.0005791610264522795,39,71929.76697303417,0,-0.09961691815219398
2.1,1,0.005073088250607594,39,72053.66691184058,0,-0.10340566178889876
2.1,1,0.005923759431845088,39,72012.76390711199,0,-0.10162156638231856
2.1,1,0.005726497849034562,39,71959.82514189082,0,-0.10184934005477042
2.1,1,0.0049509322446605886,39,72007.98716937988,0,-0.10209608863028752
2.1,1,0.0077325715318186106,38,71968.95352644738,0,-0.10332545029116447
2.1,1,0.0035668447668890657,39,71924.41473463125,0,-0.10341397990749046
2.1,1,0.004417527777777153,39,72012.60634308212,0,-0.10025248183401558
2.1,1,0.0011524740347850226,38,72036.43923739213,0,-0.10252803223103846
2.1,1,0.004121722598147581,39,71974.63787507289,0,-0.10503551420303858
2.1,1,0.005415511062603073,39,71966.02391142263,0,-0.10094003429768406
2.1,2,0.02142731728912528,27,75747.1933819188,0,-0.1793030543604801
2.1,2,0.021980204946649984,27,75816.49952085975,0,-0.18248386861017285
2.1,2,0.02278477961413161,27,75871.5187953316,0,-0.18376681847606124
2.1,2,0.02150178438483863,27,75837.97117229136,0,-0.18461946095120063
2.1,2,0.02139444113478195,20,75720.8168412975,0,-0.1836387664601138
2.1,2,0.02169909474157672,27,75935.32832129017,0,-0.1794484506683518
2.1,2,0.02293144753703391,27,75773.54112411634,0,-0.17845652494516107
2.1,2,0.0213930811171128,27,75832.19761289006,0,-0.1834681816256316
2.1,2,0.022870241583718975,27,75713.96455854853,0,-0.18121605751637615
2.1,2,0.02248832327463468,27,75689.77209773388,0,-0.18433826643449613
2.1,2,0.01872084946711272,49,75827.82810252627,0,-0.1822004820827583
2.1,2,0.020330408426401103,27,75915.83996010323,0,-0.1820001329699008
2.1,2,0.02219863192659144,27,75929.3732054525,0,-0.18154818118685112
2.1,2,0.019442416700648835,20,75814.64157319441,0,-0.18241249786791913
2.1,2,0.0208318142783952,20,75837.84979290918,0,-0.18084823228551428
2.1,2,0.021881386194427588,27,75885.57418275329,0,-0.18340193739608623
2.1,2,0.023263715206435887,49,75765.40245525981,0,-0.180182736238244
2.1,2,0.022801464291581475,27,75803.47258481629,0,-0.18460678872482927
2.1,2,0.022328170215047738,27,75692.22300715561,0,-0.18069069572987217
2.1,2,0.019528266137012196,49,75836.63876476661,0,-0.18098812004464415
2.1,2,0.022347965851096774,20,75855.05321605525,0,-0.18286510825227142
2.1,2,0.022163719465997822,20,75783.10845303538,0,-0.18091830862938396
2.1,2,0.021836886622211615,20,75854.63650701016,0,-0.18234632121960814
2.1,2,0.020745369955514015,27,75914.89897608815,0,-0.18248216286739338
2.1,2,0.021859771536847816,27,75854.80516043368,0,-0.18000507297680213
2.1,2,0.023021132507067055,27,75796.44922552907,0,-0.18292441693918193
2.1,2,0.018318747804453306,27,75789.12500131472,0,-0.18435391789292344
2.1,2,0.0218777769328109,20,75793.40390055843,0,-0.18171287725271346
2.1,2,0.021670044804886768,20,75783.47277538099,0,-0.18181712988849652
2.1,2,0.017303750020610575,27,75738.54041355719,0,-0.18150339923071113
2.1,2,0.02106081885889921,27,75773.79789439541,0,-0.18469091450177566
2.1,2,0.022676796711261993,27,75830.29314285466,0,-0.18148421394550684
2.1,2,0.021503887732067017,27,75871.14833644443,0,-0.18106453084622753
2.1,2,0.022786287720468756,27,75824.00324501353,0,-0.18269000153056947
2.1,2,0.022254489080361317,20,75739.18761569762,0,-0.18430247521876963
2.1,2,0.021614163807640363,20,75864.60331338011,0,-0.18069951486366875
2.1,2,0.02220495153883917,27,75736.37055699358,0,-0.1805421098171185
2.1,2,0.022226427171896823,20,75865.66032023774,0,-0.18113127122740158
2.1,2,0.020822714386544483,27,75887.70649024582,0,-0.1807706915186149
2.1,2,0.020504948270175127,27,75703.02167632437,0,-0.18341067647515907
2.1,2,0.022389263267719617,20,75774.4369329186,0,-0.1810668679437082
2.1,2,0.02065986611390125,20,75857.19272113072,0,-0.18213277723471344
2.1,2,0.022451907728463283,27,75897.51373571159,0,-0.18197946455732206
2.1,2,0.021572933143696016,27,75759.9742524448,0,-0.17971487962708244
2.1,2,0.019391564149323415,27,75914.93519733973,0,-0.1800343564119109
2.1,2,0.02143898378279463,27,75820.46581974367,0,-0.18089057434646794
2.1,2,0.0216921857500898,27,75778.49809830711,0,-0.18489266464346032
2.1,2,0.022312445668531744,27,75762.6886376701,0,-0.18151933950003585
2.1,2,0.021548461551932796,27,75772.55980384749,0,-0.18063287115333626
2.1,2,0.020760260959500343,27,75856.88817544324,0,-0.18013582855867383
2.1,2,0.020715669609538967,27,75891.57931403661,0,-0.18180384652955328
2.1,2,0.022217145751668,27,75785.83976887057,0,-0.1811777624893891
2.1,2,0.0226920820049763,27,75880.93968904935,0,-0.18195961750274114
2.1,2,0.0216293231158442,27,75825.1354376014,0,-0.18318845669328776
2.1,2,0.022580415196604697,27,75732.59797481923,0,-0.1825868313848682
2.1,2,0.01859234360473394,20,75802.88257114103,0,-0.1822964964825562
2.1,2,0.020370907589328358,27,75777.81608730073,0,-0.18066006705140958
2.1,2,0.022932635209091945,27,75801.58869967323,0,-0.17960187400601546
2.1,2,0.02055312741308768,27,75862.31014187347,0,-0.18079614232763186
2.1,2,0.02279620565727347,27,75781.24137608118,0,-0.1816216398447077
2.1,2,0.02095827292670016,20,75770.35277859472,0,-0.1809902562999337
2.1,2,0.022359085707332138,27,75828.45149250829,0,-0.1806934264819433
2.1,2,0.02040108064902002,27,75823.96136639129,0,-0.1821096171517902
2.1,2,0.0206056865340547,27,75920.20820059856,0,-0.18351779514987832
2.1,2,0.02188764635793783,27,75725.77444326789,0,-0.1842166096909612
2.1,2,0.022560428901917007,27,75845.17754967317,0,-0.18166541193660057
2.1,2,0.021261504479726856,27,75747.5700620388,0,-0.18316111909861776
2.1,2,0.022306931849426892,27,75994.11142161953,0,-0.1746516906345572
2.1,2,0.02033544007911159,20,75867.2843500095,0,-0.18480236061237743
2.1,2,0.02150008905195433,20,75881.01209457836,0,-0.18310230017355966
2.1,2,0.023501931520507835,27,75850.4645580147,0,-0.1794843024078474
2.1,2,0.022395549319005337,20,75893.52284082388,0,-0.18210325009080863
2.1,2,0.02341263708290331,27,75824.70787206541,0,-0.18244903871287965
2.1,2,0.015894166028948664,20,75900.98576022581,0,-0.1818889106419752
2.1,2,0.022006420784328462,27,75766.94269922646,0,-0.1808014798463886
2.1,2,0.02256581510131417,49,75909.38867644784,0,-0.18281960237615658
2.1,2,0.023451454808685046,20,75834.34830049693,0,-0.1807099548786193
2.1,2,0.021149720005938732,27,75856.77618559876,0,-0.1811342029434897
2.1,2,0.02260226852127678,27,75772.42163678289,0,-0.18108173901053592
2.1,2,0.021273694590287384,27,75838.29628771555,0,-0.17953868139870655
2.1,2,0.023099010848225188,20,75853.78731050271,0,-0.18281780890295196
2.1,2,0.021830292134521034,27,75726.73162465743,0,-0.17958925720858954
2.1,2,0.022471156294301853,27,75826.7613566533,0,-0.17883969712540093
2.1,2,0.02113685629810691,27,75852.90744719909,0,-0.18368835946839557
2.1,2,0.02253481212116837,27,75874.05343437454,0,-0.18073738969577646
2.1,2,0.02202823092113748,27,75891.0868053177,0,-0.18163386081118738
2.1,2,0.019855955266085523,20,75739.06823628877,0,-0.18304398040914038
2.1,2,0.02153083896823027,20,75814.36254058083,0,-0.1832240773587217
2.1,2,0.023120670977751168,20,75810.52812014884,0,-0.18033787679620827
2.1,2,0.021710181229871672,20,75790.13410900344,0,-0.18266670487903136
2.1,2,0.02274140596964358,27,75896.71554283473,0,-0.18121477339327274
2.1,2,0.02285795752229891,27,75785.80274770936,0,-0.18235055733107974
2.1,2,0.023076393411232132,27,75809.782113343,0,-0.18202643137467378
2.1,2,0.02031925089942499,20,75909.80696084457,0,-0.1849150466888123
2.1,2,0.021320841745223973,27,75732.12635349616,0,-0.18170036343705753
2.1,2,0.01983865520812378,27,75937.57574342369,0,-0.18242337000941578
2.1,2,0.020895536751916577,27,75749.17178644211,0,-0.18260373485254378
2.1,2,0.022399653243808437,27,75819.54732681566,0,-0.18349221210022293
2.1,2,0.022247405246541785,20,75789.28543002358,0,-0.18270761827373772
2.1,2,0.021159502288346843,27,75845.67351750353,0,-0.18163951122744137
2.1,2,0.022483716848220592,27,75838.07226238321,0,-0.18056593025154077
2.1,2,0.021668156642292935,27,75829.73692066429,0,-0.1812654397791631
2.1,2,0.020886009828213314,27,75795.29800680988,0,-0.18324173659686505
2.1,2,0.02127112077576454,27,75787.26452052082,0,-0.17989992257976328
2.1,2,0.020373694447084034,27,75768.79056933892,0,-0.18291460164313866
2.1,2,0.02308179079164141,27,75825.50951637475,0,-0.18233029623026176
2.1,2,0.02208091759001851,20,75843.57830564902,0,-0.17980597342061966
2.1,2,0.022433618900834063,27,75872.35838627491,0,-0.1794950286496857
2.1,2,0.020518395870025685,20,75854.94513584315,0,-0.18127946226071123
2.1,2,0.023034017167797405,49,75927.05727759891,0,-0.18359527264226871
2.1,2,0.022026430802434493,27,75841.44245242639,0,-0.17988406423737424
2.1,2,0.018467488364225737,27,75806.75622316534,0,-0.1818196953384883
2.1,2,0.020251422459628188,27,75816.08891720258,0,-0.1856009610472693
2.1,2,0.020257449139390538,27,75837.64735797276,0,-0.1813812579359999
2.1,2,0.019305629251553658,27,75816.91477029055,0,-0.18445759634782521
2.1,2,0.021086638989024298,27,75906.60867814482,0,-0.18271761747742654
2.1,2,0.021658536815294394,27,75879.65893472,0,-0.1815487112408809
2.1,2,0.021313248167142973,27,75820.86821448724,0,-0.18210724931874878
2.1,2,0.022626501007156907,27,75814.13120868885,0,-0.18179367594682283
2.1,2,0.020640327502890354,27,75807.77780270707,0,-0.1807982104481658
2.1,2,0.02165895962585207,27,75818.0065933669,0,-0.18301442444241633
2.1,2,0.022892907931449713,27,75877.4360557203,0,-0.18489111878019338
2.1,2,0.022251514614445966,20,75834.34012047126,0,-0.17377043430753192
2.1,2,0.023019408667963148,20,75867.58928880084,0,-0.17947491929212434
2.1,2,0.019644519212762557,20,75883.91635713188,0,-0.18077095441884694
2.1,2,0.0196678367756018,27,75792.82138311959,0,-0.17967481716449685
2.1,2,0.021068525320764753,27,75648.24038239157,0,-0.1817398517633999
2.1,2,0.02232065792395721,20,75779.86641118994,0,-0.18224699072797912
2.1,2,0.020548449444685257,27,75910.98370816497,0,-0.17985448369330137
2.1,2,0.019452132653367205,27,75892.89269239487,0,-0.18380605458189558
2.1,2,0.01888953475957189,27,75826.19829237445,0,-0.1838130822530062
2.1,2,0.020004482866037954,27,75843.74077221981,0,-0.18056964860816538
2.1,2,0.0226218126076545,27,75837.25132590394,0,-0.1838787026003854
2.1,2,0.022527752063411732,27,75742.07654178047,0,-0.18053096665313517
2.1,2,0.019733375656179497,20,75867.13285204158,0,-0.1816224041446013
2.1,2,0.022527308397729318,49,75901.50648769538,0,-0.1832662402368539
2.1,2,0.021530234720292807,20,75795.67957323973,0,-0.18145380385793786
2.1,2,0.020501241343559684,27,75784.18646084178,0,-0.1806775418738027
2.1,2,0.021101754444772247,27,75959.65919858654,0,-0.1801594395417574
2.1,2,0.020828589515674345,49,75778.85531918281,0,-0.18110691238693288
2.1,2,0.02183521892432605,27,75998.11263335423,0,-0.1774235738348895
2.1,2,0.020499661208843722,20,75877.17241150327,0,-0.18180189582348172
2.1,2,0.021670462287457948,27,75793.21943370189,0,-0.1842545735369392
2.1,2,0.021792151317211683,27,75786.72363640717,0,-0.18445826451129244
2.1,2,0.02133118136203027,27,75743.76376222154,0,-0.17915272969440088
2.1,2,0.0227676129959562,27,75796.2570456685,0,-0.18094654676294208
2.1,2,0.022564809701849597,27,75821.08580366049,0,-0.1810865071832597
2.1,2,0.020782139664176302,49,75907.14397640018,0,-0.1806414172135149
2.1,2,0.022313437666765967,20,75856.78416014517,0,-0.17727976738903428
2.1,2,0.022453069814266424,20,75830.15575289192,0,-0.18415353843207183
2.1,2,0.020387004602346437,27,75832.44172447664,0,-0.18296251930184515
2.1,2,0.02252081248231219,27,75771.06058463932,0,-0.1804879977166196
2.1,2,0.021747551936688314,27,75903.54960218805,0,-0.18452832827044752
2.1,2,0.022207949293849172,27,75887.25233561876,0,-0.18136806471585754
2.1,2,0.020119432334483545,27,75910.56778504582,0,-0.18319902850994674
2.1,2,0.02191459144070551,27,75764.41873491986,0,-0.18118438228234157
2.1,2,0.022859893526313346,27,75971.8728166231,0,-0.17968698675982764
2.1,2,0.021274904377178938,20,75845.28142299117,0,-0.18491879517999443
2.1,2,0.022082164977886176,27,75832.53655652936,0,-0.18186615314441767
2.1,2,0.01991934565080289,20,75770.0964284295,0,-0.18177773342441128
2.1,2,0.022691407394383578,27,75699.85409704022,0,-0.18368527053558337
2.1,2,0.02056117057987583,27,75788.84041232936,0,-0.18465031509474317
2.1,2,0.020411663409385383,27,75797.86376157541,0,-0.18163367009720277
2.1,2,0.020410274619900637,27,75779.63587380832,0,-0.18207409152668563
2.1,2,0.020375374481083508,27,75778.16646744922,0,-0.1801833368810719
2.1,2,0.018459298005624625,27,75798.74918396176,0,-0.1813908908312667
2.1,2,0.022428471977546494,27,75856.53446026066,0,-0.1809803728779693
2.1,2,0.020335319286410414,27,75750.79411240233,0,-0.18293389716101327
2.1,2,0.02100120314732834,27,75806.67103444568,0,-0.18299168566192914
2.1,2,0.02282106306661813,20,75865.77859619,0,-0.18151915089814308
2.1,2,0.022158212818693013,27,75928.11329835348,0,-0.1803790502533067
2.1,2,0.022189104900327106,27,75876.69285787633,0,-0.18123160447769848
2.1,2,0.021640846418709003,27,75753.13475612395,0,-0.18194998443625088
2.1,2,0.01707449287780971,20,75832.47917418371,0,-0.18428372124700232
2.1,2,0.02119526828116003,20,75783.84104946563,0,-0.18299355335377565
2.1,2,0.023272637576174038,27,75768.99823839912,0,-0.1836392951340391
2.1,2,0.02004925514008349,20,75754.15947648577,0,-0.18324985183627707
2.1,2,0.0222255843086141,27,75834.42967797,0,-0.18215622246420127
2.1,2,0.020677085996986477,20,75767.73006103972,0,-0.18149933871054613
2.1,2,0.021932411212276293,27,75895.08125409772,0,-0.18181808730866167
2.1,2,0.020492060926513567,27,75894.25055425588,0,-0.18431347292125944
2.1,2,0.020019354410219847,27,75792.2065042102,0,-0.18237480579547993
2.1,2,0.017404813626167748,20,76150.8146749952,0,-0.1785128583119211
2.1,2,0.02189243277169961,27,75794.81437128007,0,-0.18043849343318596
2.1,2,0.023150946885948542,27,75825.82254420189,0,-0.18396006127063336
2.1,2,0.022486221023365616,27,75933.05840748097,0,-0.18045202113489212
2.1,2,0.020731099973214206,27,75694.71350288377,0,-0.17991696737889318
2.1,2,0.021142255259668286,20,75861.40344914887,0,-0.1817162551884841
2.1,2,0.020923714841525776,27,76002.4714058393,0,-0.18262057474945492
2.1,2,0.02293902060387465,27,75885.1854330946,0,-0.17945874165461628
2.1,2,0.020769073448267505,27,75849.54320421244,0,-0.18473093166035937
2.1,2,0.022747544264521302,27,75890.20473103719,0,-0.18142338061418406
2.1,2,0.02160568163144516,27,75844.91737837564,0,-0.18080046974408392
2.1,2,0.02336176341329166,27,75824.98928810569,0,-0.18201644495433422
2.1,2,0.020695730540860158,27,75783.83974287358,0,-0.18455820577745397
2.1,2,0.020081743630226967,20,75889.88197473554,0,-0.1790398177201733
2.1,2,0.021223195329487243,27,75747.93859813143,0,-0.18153766697176277
2.1,2,0.021300368816473014,27,75677.0584388297,0,-0.18188156175271275
2.1,2,0.02103964072393083,27,75846.84234044737,0,-0.18105854499856733
2.1,2,0.02257514030301966,20,75809.71543556557,0,-0.18347529906940419
2.1,3,0.014625575283179426,33,83695.0796995153,0,-0.22924009559536795
2.1,3,0.01589284408503966,33,83686.36742840969,0,-0.22428783409421893
2.1,3,0.017419789146458253,33,83662.01651424494,0,-0.22240501930727352
2.1,3,0.02261466168364068,33,83707.31671760086,0,-0.2283171570731113
2.1,3,0.020437989430572845,33,83684.86391884724,0,-0.2213981755991541
2.1,3,0.01692229881545515,33,83676.01211976891,0,-0.22851844974545799
2.1,3,0.015443860843561197,33,83628.16460089589,0,-0.22430529657018705
2.1,3,0.014724402818393934,33,83689.11297346634,0,-0.2204613578095438
2.1,3,0.020418513062561594,33,83623.97124549426,0,-0.22565828595465987
2.1,3,0.01294372645838715,33,83604.67884570552,0,-0.22441152714106294
2.1,3,0.018484494000560403,33,83650.27342855491,0,-0.22560456027134235
2.1,3,0.01804016865383007,33,83633.12342461557,0,-0.2213568336753824
2.1,3,0.015018285994008451,33,83657.21174113557,0,-0.2234235415146426
2.1,3,0.018171368535557786,33,83736.62491694985,0,-0.21625679577606505
2.1,3,0.019572526415895464,33,83646.71185373746,0,-0.2280833120539485
2.1,3,0.01591409187049786,33,83686.9797661818,0,-0.2242036754072032
2.1,3,0.015409936473125274,33,83686.0569557853,0,-0.2238573284357379
2.1,3,0.020446500180792526,33,83706.934192153,0,-0.2270026315799023
2.1,3,0.016040528410900645,33,83759.53328241031,0,-0.2250318945406773
2.1,3,0.022407084931713506,33,83614.70839378734,0,-0.22392032270119322
2.1,3,0.020999348030080967,33,83631.54434254864,0,-0.2217670443357549
2.1,3,0.01347359567234907,33,83741.93260468527,0,-0.2193581110873699
2.1,3,0.02039665131295587,33,83735.81898459663,0,-0.22474603784433134
2.1,3,0.021186127030185187,33,83764.93743097402,0,-0.22203478835353163
2.1,3,0.016350454315865015,33,83868.9677350336,0,-0.22190085950092353
2.1,3,0.014626100444261159,33,83798.32644110672,0,-0.21860747678629378
2.1,3,0.017663653648640754,33,83728.04388243337,0,-0.22616429185986053
2.1,3,0.014188707464115158,33,83747.79396782983,0,-0.22786007112097484
2.1,3,0.013957720714561805,33,83691.90285206061,0,-0.2199848852073103
2.1,3,0.018666363858089063,33,83537.3918892318,0,-0.22182014938505934
2.1,3,0.02104672028356358,33,83666.17562492572,0,-0.220486593382464
2.1,3,0.02141426833457416,33,83701.40619442108,0,-0.21987403364054314
2.1,3,0.01714846830408101,33,83712.75978139031,0,-0.22718043413763733
2.1,3,0.020419275828689187,33,83571.82472881683,0,-0.2234682801034118
2.1,3,0.013451233492455028,33,83593.00801533178,0,-0.22042728761028085
2.1,3,0.018110135451911535,33,83668.1865896283,0,-0.22180295056759824
2.1,3,0.015792669366197387,33,83731.6575659517,0,-0.22157587774646648
2.1,3,0.01837864127403055,33,83654.46153992816,0,-0.22804989785955798
2.1,3,0.01482883337028662,33,83712.05923337657,0,-0.22647206840680378
2.1,3,0.016131640596462216,33,83693.93113232592,0,-0.22167504016620798
2.1,3,0.022064819137859182,33,83640.59828321329,0,-0.22291245831310857
2.1,3,0.021788336046761003,33,83468.12314592535,0,-0.22672153830240305
2.1,3,0.01650445758158714,33,83681.05590037015,0,-0.2284366216170155
2.1,3,0.020562610366259282,33,83721.18553595415,0,-0.22966720711577082
2.1,3,0.021924329917512697,33,83706.3470307657,0,-0.21881045069065097
2.1,3,0.016804597828925516,33,83624.99134530037,0,-0.22376774674488753
2.1,3,0.014922260702185497,33,83810.95453195217,0,-0.2208269895878685
2.1,3,0.015142918860816756,33,83729.62979213113,0,-0.22568660579133093
2.1,3,0.015278796384859294,33,83632.72889089218,0,-0.2293954824284512
2.1,3,0.018703915791617565,33,83698.38504679163,0,-0.2198712133542715
2.1,3,0.01786708275469806,33,83669.1130815747,0,-0.22495973127625057
2.1,3,0.019213905486227034,33,83706.9163134905,0,-0.2168468350404913
2.1,3,0.015763701257099694,33,83651.89967213025,0,-0.22459508915669457
2.1,3,0.020412160990282313,33,83564.84960351823,0,-0.2261034994381197
2.1,3,0.015938470426491325,33,83753.72872801425,0,-0.22765377569614587
2.1,3,0.018542107896645454,33,83590.03606859056,0,-0.22372899066875207
2.1,3,0.019257355604771043,33,83616.71655031246,0,-0.21969085693839885
2.1,3,0.019878996081471367,33,83663.46456801493,0,-0.22091454957668688
2.1,3,0.01800861752437699,33,83633.91645661226,0,-0.22815977713049773
2.1,3,0.014875361387073127,33,83652.22110307906,0,-0.22326559264381096
2.1,3,0.018843906500765506,33,83635.51083498787,0,-0.21702792819671513
2.1,3,0.022734898617069454,33,83690.08819830925,0,-0.22930859477334953
2.1,3,0.015156477850675198,33,83709.47213122029,0,-0.21969713202779584
2.1,3,0.01570356619848834,33,83694.21729333451,0,-0.2263859489057114
2.1,3,0.017627540015194842,33,83684.31391747811,0,-0.21902213534007142
2.1,3,0.018402120894620122,33,83652.42445540758,0,-0.22354028062931763
2.1,3,0.01986983541690046,33,83550.54595057617,0,-0.22598214790382332
2.1,3,0.01747408095095393,33,83665.42176672212,0,-0.23032898706094906
2.1,3,0.01339333091819972,33,83684.38920184193,0,-0.21558568911023346
2.1,3,0.016544656324243956,33,83615.05526585068,0,-0.22727703981583325
2.1,3,0.01724638645934551,33,83631.46631153628,0,-0.22353424753688111
2.1,3,0.015298530196967253,33,83726.79214391997,0,-0.23025726742270547
2.1,3,0.01781023620973654,33,83703.6257358697,0,-0.2220574055143052
2.1,3,0.019368169399387458,33,83809.02775524612,0,-0.2132288834801368
2.1,3,0.014144039685429544,33,83722.0529942035,0,-0.22679141284092297
2.1,3,0.02107645214014031,33,83529.21063781044,0,-0.2267535311757456
2.1,3,0.018579309918122178,33,83727.30559631146,0,-0.2245226788698207
2.1,3,0.022731177702384198,33,83685.07171062134,0,-0.22357948302361885
2.1,3,0.02212456674878016,33,83768.7066946028,0,-0.22444259819971735
2.1,3,0.01903854074316591,33,83824.2752606472,0,-0.2289339562388304
2.1,3,0.02251306966583133,33,83690.21804988204,0,-0.22484726533457766
2.1,3,0.01353507906467577,33,83712.44153568818,0,-0.22528635694964838
2.1,3,0.02170882079491987,33,83592.94509698806,0,-0.22352372201863702
2.1,3,0.020575076985992258,33,83688.25577091919,0,-0.22340176713655002
2.1,3,0.015835064988168668,33,83560.19117790252,0,-0.22482844534768254
2.1,3,0.01608248708435367,33,83759.97764401461,0,-0.22354923228138723
2.1,3,0.021178146439792656,33,83682.63290417152,0,-0.21669531122048458
2.1,3,0.01943301946098641,33,83531.60591928643,0,-0.22341039527420037
2.1,3,0.01978972287894365,33,83559.8276409826,0,-0.21557103132242794
2.1,3,0.0157245251451954,33,83785.29552194169,0,-0.2210927374114846
2.1,3,0.01840286776687705,33,83606.82831891459,0,-0.22323229530801791
2.1,3,0.018473339852233206,33,83755.8367615845,0,-0.22522855486760895
2.1,3,0.01928726933339675,33,83631.43804098165,0,-0.22397238230816785
2.1,3,0.018911778703841975,33,83702.4225755931,0,-0.2202944305203034
2.1,3,0.021252961712229457,33,83559.46705143212,0,-0.22692548780143595
2.1,3,0.016814996035414698,33,83647.56735074008,0,-0.2265913027828328
2.1,3,0.016748319913622023,33,83668.88832192514,0,-0.22262670797435957
2.1,3,0.014125760339648963,33,83816.50372972304,0,-0.21541721017104032
2.1,3,0.020518190066057596,33,83670.49188744744,0,-0.22347246213401473
2.1,3,0.020945271171455282,33,83662.90972628623,0,-0.22524249754964853
2.1,3,0.011130513946135512,33,83621.26115629668,0,-0.22359928307379828
2.1,3,0.015048868361533074,33,83670.98449293638,0,-0.22385453413220002
2.1,3,0.015739441994178094,33,83573.54934670919,0,-0.22439248292505876
2.1,3,0.01876788102049831,33,83786.93719789873,0,-0.22340162742013892
2.1,3,0.017478845052977476,33,83702.42524328691,0,-0.2202694989705809
2.1,3,0.02360687483094326,24,83559.59866678552,0,-0.2239473404500023
2.1,3,0.018810642493716667,33,83738.65873518641,0,-0.22629249387088035
2.1,3,0.022784980482492223,33,83750.16831599218,0,-0.22144987638192437
2.1,3,0.02190246232381643,33,83582.46025485465,0,-0.22227721527795286
2.1,3,0.023043651143559885,33,83570.0626270097,0,-0.2186524849457634
2.1,3,0.01906749167757349,33,83739.11619843543,0,-0.21567935003486327
2.1,3,0.015445952700620769,33,83673.41935795188,0,-0.22121260258748743
2.1,3,0.019474725489280864,33,83646.87359474308,0,-0.22384211851833258
2.1,3,0.01966401169357246,33,83775.70299618987,0,-0.22242643915593452
2.1,3,0.018857356576813977,33,83726.43968069872,0,-0.21756047135799061
2.1,3,0.022281654017423325,33,83661.00460551257,0,-0.21875005667715874
2.1,3,0.01917601676222258,33,83650.95635780743,0,-0.2239224942827649
2.1,3,0.023425825419294277,33,83628.22890036847,0,-0.2266966167101856
2.1,3,0.018347414806335838,33,83573.8502840932,0,-0.22376268535581922
2.1,3,0.016462085930381676,33,83781.507988802,0,-0.22820091976221524
2.1,3,0.018407587300508066,33,83760.58424920143,0,-0.22111197229326018
2.1,3,0.020087549362871382,33,83661.23418591736,0,-0.2196688013015946
2.1,3,0.013732418120517842,33,83599.61607283802,0,-0.2252412544944553
2.1,3,0.02106183284372909,33,83710.13102200607,0,-0.22638866298124394
2.1,3,0.01914209469701733,33,83645.64867865454,0,-0.22622678976030985
2.1,3,0.01936246537349895,33,83609.32079597662,0,-0.2266282391039507
2.1,3,0.019028305784314803,33,83682.23807842536,0,-0.22021531173380016
2.1,3,0.016454519705255688,33,83692.35550060826,0,-0.22372370227217653
2.1,3,0.019586181842033756,33,83735.31062413518,0,-0.2206504326381482
2.1,3,0.017117945242206112,33,83790.10254247814,0,-0.22798810027151495
2.1,3,0.019709737802674265,33,83687.95423255232,0,-0.22734715118851656
2.1,3,0.020724441852209452,33,83683.14166479792,0,-0.22351202972114392
2.1,3,0.014037466033482104,33,83579.19062423079,0,-0.22224165187545797
2.1,3,0.012697645566685622,33,83587.58080376065,0,-0.21527996944882233
2.1,3,0.02071237183367236,33,83688.32585959257,0,-0.22667794217431414
2.1,3,0.020636780296473756,33,83645.25014488195,0,-0.2261409016918854
2.1,3,0.012889105611276097,33,83661.5969245521,0,-0.2251442767746139
2.1,3,0.014573966973706387,33,83646.70914829352,0,-0.22078959607836346
2.1,3,0.015602003833472988,33,83769.20846899152,0,-0.21991306054633752
2.1,3,0.02113112366560088,33,83540.42568971076,0,-0.22635733877811393
2.1,3,0.01553268065192892,33,83596.20450818918,0,-0.22050865191894986
2.1,3,0.014665825416968037,33,83712.08531435914,0,-0.22560820098275847
2.1,3,0.020470449448603656,33,83688.37258602322,0,-0.22670604210813727
2.1,3,0.020131378590151794,33,83747.97282389367,0,-0.22004648455747855
2.1,3,0.023174188518173988,33,83599.49172611118,0,-0.22137398363587701
2.1,3,0.020121253105532144,33,83640.39965133916,0,-0.22138810380973717
2.1,3,0.019216071654476252,33,83621.13119297584,0,-0.22069488696151085
2.1,3,0.015270194816429772,33,83783.76737326289,0,-0.22001102499235503
2.1,3,0.016156873573909714,33,83694.33974390445,0,-0.22311032910406725
2.1,3,0.019162538400212092,33,83514.16123348153,0,-0.22428106105169787
2.1,3,0.017092039386052527,33,83719.74611783246,0,-0.21939916502806645
2.1,3,0.013575871125687033,33,83712.17643917543,0,-0.22783754460232797
2.1,3,0.014628029256467112,33,83591.09314106152,0,-0.2218518784272161
2.1,3,0.02355723773602314,24,83628.24994851921,0,-0.2208259411390101
2.1,3,0.016935540599322785,33,83641.36552485474,0,-0.22112676294338218
2.1,3,0.019357770938845942,33,83650.53452928949,0,-0.22480830153248976
2.1,3,0.014445111797508403,33,83645.87705506668,0,-0.2249211389657797
2.1,3,0.014283106375307053,33,83613.65788400955,0,-0.2240799393305457
2.1,3,0.012673615487263312,33,83671.94274210691,0,-0.21982819103292006
2.1,3,0.014026822682109419,33,83647.5645856424,0,-0.2272342587431997
2.1,3,0.0177480251878257,33,83711.64518183992,0,-0.22320451731393387
2.1,3,0.0153243484918546,33,83756.72285776745,0,-0.2228558542612482
2.1,3,0.024272944267493823,33,83633.72026824075,0,-0.22704089173040254
2.1,3,0.01861596259014142,33,83761.47573720907,0,-0.22218007624014824
2.1,3,0.015208881391131523,33,83663.48699784755,0,-0.22705622789268154
2.1,3,0.01937992518167775,33,83710.08308607296,0,-0.2265070459165417
2.1,3,0.017018294626008235,33,83844.24019339173,0,-0.22536771902773456
2.1,3,0.015975865279430845,33,83550.52877806508,0,-0.2224296665815919
2.1,3,0.016122334535695337,33,83665.54527347132,0,-0.2236927086391607
2.1,3,0.017284832609130163,33,83604.40362879752,0,-0.2260199143563999
2.1,3,0.021710960143345392,33,83695.54104485521,0,-0.2220444167924167
2.1,3,0.01854633689463192,33,83762.06227457186,0,-0.22504248104469138
2.1,3,0.014117428677341337,33,83703.91433145267,0,-0.21900640594311604
2.1,3,0.0234056991469056,33,83617.70585080353,0,-0.22372156072335048
2.1,3,0.01791811247642361,33,83599.59396331386,0,-0.23176385221268014
2.1,3,0.023555044608343678,33,83756.17426260597,0,-0.22646850848610378
2.1,3,0.01825020588703996,33,83687.86967911816,0,-0.2269613617498043
2.1,3,0.019415837630281985,33,83698.935297413,0,-0.2228605593498505
2.1,3,0.017774070244762186,33,83787.67365817928,0,-0.22736660076590898
2.1,3,0.015577764485898982,33,83804.41106126078,0,-0.22348841012922205
2.1,3,0.015281769882247609,33,83627.82419271902,0,-0.22015031123315243
2.1,3,0.019685456743783636,33,83585.02005539494,0,-0.2273335190614667
2.1,3,0.014785973400247343,33,83616.0049863345,0,-0.2276239439192611
2.1,3,0.016884876003962823,33,83705.52580195741,0,-0.22740862541509488
2.1,3,0.023040031782892267,33,83522.89594897018,0,-0.22103739439802683
2.1,3,0.014529461420174972,33,83564.05381468649,0,-0.22234935357179464
2.1,3,0.019839911024667423,33,83643.86648816727,0,-0.2251665418591584
2.1,3,0.01666594262763832,33,83631.28701884074,0,-0.22725617979704182
2.1,3,0.020578777262517,33,83594.13660613842,0,-0.22563827771988332
2.1,3,0.019073218345031062,33,83696.1090427378,0,-0.22435391050939457
2.1,3,0.022893692878824368,33,83755.5345679664,0,-0.22120352038290436
2.1,3,0.01901892689509488,33,83565.02380598645,0,-0.22186130677486293
2.1,3,0.01806324065736975,33,83736.02139309334,0,-0.2232037317450013
2.1,3,0.014949157013442793,33,83721.83035933305,0,-0.2242405745068774
2.1,3,0.018102900182623394,33,83727.87684735244,0,-0.21729039162799735
2.1,3,0.015890193352908977,33,83610.3057009435,0,-0.22524450387253214
2.1,3,0.013809027517396544,33,83740.87131935381,0,-0.2222689340615609
2.1,3,0.020901514890199202,33,83552.50314897695,0,-0.2229650257801905
2.1,3,0.016331586606573634,33,83649.76052680088,0,-0.22749138134663505
2.1,3,0.01466505970877785,33,83677.64471760819,0,-0.22651637019396742
2.1,4,0.027673362024405623,39,90874.59778390572,0,-0.2797432732268823
2.1,4,0.028018233375251,40,90846.29334917634,0,-0.28452737246787096
2.1,4,0.02784112795960869,40,90845.40373877002,0,-0.2847597416769627
2.1,4,0.02856424424351056,39,90895.1550826594,0,-0.2876443156928916
2.1,4,0.026778130526253552,39,90846.02649838294,0,-0.28450912436586395
2.1,4,0.025236028684495704,39,90886.67192243032,0,-0.28290211767854956
2.1,4,0.02474927995603826,39,90824.40404495137,0,-0.2827118714289001
2.1,4,0.0232912074921674,39,90823.88018962038,0,-0.28417906147384286
2.1,4,0.026971051523473566,40,90795.19025081828,0,-0.28560046127487393
2.1,4,0.02855915525030772,39,90903.74929856016,0,-0.2830727365379042
2.1,4,0.024012578519876815,39,90851.74149133467,0,-0.2826436690257317
2.1,4,0.028516152776027148,39,90843.04427226722,0,-0.2833397312390764
2.1,4,0.027742849040400586,39,90825.79359699372,0,-0.28236523965892535
2.1,4,0.025302077431314185,39,90902.10479251653,0,-0.2824192581694387
2.1,4,0.02830408516599503,40,90892.90538177494,0,-0.2838964485267379
2.1,4,0.025879302686516503,39,90851.33092103756,0,-0.28321478779107845
2.1,4,0.02788283354615384,40,90868.66265950185,0,-0.2830234591576768
2.1,4,0.023536416482488498,40,90949.66712676083,0,-0.2818173444800067
2.1,4,0.02461097613181895,39,90932.32885710736,0,-0.28052544499859544
2.1,4,0.02560259791727315,39,90890.16312006145,0,-0.2844900338924443
2.1,4,0.025517343574770646,39,90912.71341341901,0,-0.2842636955637614
2.1,4,0.025782615661089636,39,90894.44660595711,0,-0.28329077235394773
2.1,4,0.02877222450360728,39,90894.02963034592,0,-0.2819984669756279
2.1,4,0.02843760577927057,39,90898.4046646029,0,-0.28278698881203645
2.1,4,0.01828210783080486,39,90883.17496129147,0,-0.28226947026166815
2.1,4,0.028545533347219987,39,90854.90894345827,0,-0.28273912627188635
2.1,4,0.026427784589708736,40,90935.2803594917,0,-0.28772739698982863
2.1,4,0.028606630445537906,40,90916.80532804782,0,-0.28296288309771
2.1,4,0.023999064203302556,39,90869.74204398962,0,-0.28267172334895774
2.1,4,0.02470778533997331,39,90874.34955055967,0,-0.28594423665599633
2.1,4,0.026381183035411482,39,90882.25314640602,0,-0.2831911982836677
2.1,4,0.01891435136146402,40,90852.5773654927,0,-0.28171792075255886
2.1,4,0.024621935152492558,39,90902.98880493888,0,-0.28633048177904086
2.1,4,0.027634738888018706,39,90934.45946572366,0,-0.28436231515012844
2.1,4,0.024928042375037762,40,90950.63850753328,0,-0.2826735605672288
2.1,4,0.0245586982042707,40,90827.64165605199,0,-0.2817631590554581
2.1,4,0.023150750280447774,39,90892.29840790515,0,-0.2836002170375356
2.1,4,0.016808911590072917,40,90832.17010052326,0,-0.280934572601643
2.1,4,0.021266096525755174,39,90785.62257263843,0,-0.2872223953193511
2.1,4,0.02542488901227058,39,90906.38059909604,0,-0.2866747404350589
2.1,4,0.028258353196139563,40,90900.80900317771,0,-0.28251837116954426
2.1,4,0.01876313364582849,40,90804.70939032397,0,-0.28113612578462166
2.1,4,0.025472676434539654,39,90884.8110982708,0,-0.2819345547500036
2.1,4,0.02542997542611891,39,90897.58727654336,0,-0.2826839129720822
2.1,4,0.026031395542762237,39,90805.53698366991,0,-0.2828135331586037
2.1,4,0.02806801788229052,39,90846.22261608684,0,-0.28038115872833447
2.1,4,0.02623561317412948,39,90877.64505356975,0,-0.28381213835488905
2.1,4,0.01323645405308449,40,90773.75317326403,0,-0.2835046024146466
2.1,4,0.02803547673353446,39,90839.75087882899,0,-0.28333679069408624
2.1,4,0.023134858374739053,39,90794.49157393376,0,-0.28625755191067004
2.1,4,0.028038984593132366,39,90806.71598829194,0,-0.2817417823820889
2.1,4,0.024976453566313506,39,90811.72786948443,0,-0.2840837540281056
2.1,4,0.023163182039607655,39,90826.85891147374,0,-0.2848092352714766
2.1,4,0.024498881266342032,39,90854.51398691145,0,-0.2843385546470478
2.1,4,0.020540921145098423,39,90838.96777354836,0,-0.2820802340664763
2.1,4,0.026790406969441793,40,90877.25592537274,0,-0.28445066879546643
2.1,4,0.027448932423349337,40,90872.91803166507,0,-0.2825939922243652
2.1,4,0.023208546590277823,39,90847.27036423075,0,-0.2831938612879663
2.1,4,0.021941923220801574,40,90942.17742616424,0,-0.280344044649387
2.1,4,0.023468002281332723,39,90887.21553900113,0,-0.28636115879321467
2.1,4,0.01778879666079991,39,90915.00707951683,0,-0.2840783623762413
2.1,4,0.017524743139941013,40,90882.32187549383,0,-0.28145046443266386
2.1,4,0.022869004539660676,39,90814.64355584302,0,-0.2801728107763226
2.1,4,0.023568970617586782,39,90839.52902334016,0,-0.28232768402098274
2.1,4,0.028733672532161414,40,90871.34295956779,0,-0.2818023477286844
2.1,4,0.02434073195067965,39,90816.60246219324,0,-0.28031715702371685
2.1,4,0.027044736412504378,40,90901.3375827255,0,-0.2819054038415296
2.1,4,0.028305568509344514,39,90869.94590331528,0,-0.28321803250153943
2.1,4,0.025634735768039096,39,90852.41022707992,0,-0.28183707405265057
2.1,4,0.028238260097458223,40,90829.28407314626,0,-0.2807683568818615
2.1,4,0.02880530169775275,40,90859.04150775679,0,-0.28212756008731654
2.1,4,0.02802288448558432,39,90920.36569280826,0,-0.2818461012583007
2.1,4,0.027825929659041293,40,90921.10772500209,0,-0.2837379173789605
2.1,4,0.02054129655188719,39,90844.64010637745,0,-0.28395613470190084
2.1,4,0.020031304548136397,39,90856.67095918913,0,-0.2834632788020197
2.1,4,0.01716432860995143,40,90817.01608713571,0,-0.2830006343497977
2.1,4,0.02832462462965024,39,90932.79457677997,0,-0.28318465105365287
2.1,4,0.01992698995846931,39,90874.31902733297,0,-0.2825012131186764
2.1,4,0.02851613224440186,39,90830.83532225246,0,-0.2804334395348398
2.1,4,0.025036334795849324,39,90866.07005175523,0,-0.2837832645300902
2.1,4,0.0239020828707881,39,90880.22207463336,0,-0.28409875207476376
2.1,4,0.021574845651762597,39,90899.92997344579,0,-0.28018705890588236
2.1,4,0.026396196270189964,39,90943.25161391245,0,-0.2846618701939234
2.1,4,0.023517366690151142,39,90883.83528667425,0,-0.2839523663659451
2.1,4,0.026244639955113058,40,90823.35405719133,0,-0.2841185627768632
2.1,4,0.024862208545345155,40,90882.88855247849,0,-0.28376677933411454
2.1,4,0.028593656207597018,39,90919.87521883138,0,-0.28545252516144637
2.1,4,0.02638829837163703,39,90861.62932428978,0,-0.28352647632608097
2.1,4,0.021225702387708267,39,90900.19878563336,0,-0.28208088979375323
2.1,4,0.02638867238743403,40,90858.9475242993,0,-0.2814177276704366
2.1,4,0.025217038697909366,39,90900.61579785192,0,-0.28258307582272724
2.1,4,0.025929055775732568,39,90896.03950857196,0,-0.28303339039143327
2.1,4,0.02577118945549417,39,90909.79871746413,0,-0.28276140245878056
2.1,4,0.024672172888759558,39,90881.08024863865,0,-0.2817437341401807
2.1,4,0.027239137510401523,40,90863.39577000092,0,-0.28306049282230283
2.1,4,0.02610849218517064,39,90927.33470277538,0,-0.2872332454527926
2.1,4,0.02857952847452294,39,90920.86191060956,0,-0.2837926822544272
2.1,4,0.024435302075182186,40,90849.95954140252,0,-0.28313787007361046
2.1,4,0.026696305241053597,40,90869.59854528695,0,-0.2861467551516661
2.1,4,0.028721166531645803,39,90870.50118448431,0,-0.28303744628820393
2.1,4,0.024126748449631474,39,90891.97602009091,0,-0.28469417534319597
2.1,4,0.02825061449235866,40,90861.4059481892,0,-0.2833695599152999
2.1,4,0.024636547159029742,39,90832.85827333076,0,-0.28134608285869844
2.1,4,0.018337738167432338,40,90932.18611553985,0,-0.2802323603466712
2.1,4,0.02841813275503169,40,90858.47875431448,0,-0.2838597184926992
2.1,4,0.023540046917790214,39,90904.17133455002,0,-0.2809283229047679
2.1,4,0.022598836023285607,39,90793.81892682285,0,-0.2822660966622703
2.1,4,0.02841715431148195,39,90873.7046493473,0,-0.2839892836871869
2.1,4,0.027575615502875905,39,90910.67614285105,0,-0.2832434649027016
2.1,4,0.02510216259519149,39,90861.04856604373,0,-0.28325850147216025
2.1,4,0.027490938615566396,39,90849.71026658925,0,-0.28227051574916096
2.1,4,0.02528825089594333,39,90858.3508978801,0,-0.28632470456246395
2.1,4,0.01953963526090341,39,90979.33099897834,0,-0.28681534767675476
2.1,4,0.02417267391759248,39,90897.23834688366,0,-0.28183330615999935
2.1,4,0.029197063695805436,39,90901.97042306303,0,-0.28239954716713034
2.1,4,0.024916315562750313,39,90789.19448774128,0,-0.28015853999380846
2.1,4,0.01899588457218515,39,90859.07074108502,0,-0.28337047153582273
2.1,4,0.02874670979970695,39,90843.90832598663,0,-0.2776759818369108
2.1,4,0.02850901900701741,39,90868.56847013335,0,-0.2866486001829043
2.1,4,0.028811837365582793,39,90858.83134639791,0,-0.28210085034925947
2.1,4,0.0248169528288531,39,90826.92200409387,0,-0.28503501465737147
2.1,4,0.02042060811200397,39,90880.54847758544,0,-0.28489052760771805
2.1,4,0.024580575138308358,39,90995.80071871716,0,-0.27960081626394206
2.1,4,0.018996451467954145,40,90938.39328718885,0,-0.2797440040136834
2.1,4,0.02844802343041586,40,90854.44626602808,0,-0.2819017069793506
2.1,4,0.021788926002404452,40,90873.94842840699,0,-0.2820463447353463
2.1,4,0.022251870425607834,40,90908.40090114162,0,-0.2838183684868827
2.1,4,0.02430140369763789,39,90827.25735936523,0,-0.2843601192535694
2.1,4,0.02789113143682531,39,90790.8758927811,0,-0.2830032003428187
2.1,4,0.021374648462468393,39,90911.12329651786,0,-0.2832837216502244
2.1,4,0.013818399829174322,40,90854.66644326336,0,-0.28152383538278114
2.1,4,0.028645780624560135,39,90892.31585175979,0,-0.28096373927295715
2.1,4,0.027866007711947027,40,90929.06658917783,0,-0.27967211501716527
2.1,4,0.025378708258098737,40,90969.76988941761,0,-0.2806231767265952
2.1,4,0.025874124010764277,39,90855.6010942396,0,-0.2827401763140929
2.1,4,0.028558475182193455,40,90940.59440372293,0,-0.2846361691549357
2.1,4,0.027058552861804586,40,90786.68072930705,0,-0.2833434125078065
2.1,4,0.023340092031380433,39,90845.94065960369,0,-0.282663661117061
2.1,4,0.027019788459183847,40,90959.55379229321,0,-0.2826990714967974
2.1,4,0.02272971885905717,39,90908.04809680865,0,-0.2865460882635904
2.1,4,0.022676841143996818,39,90957.44037690591,0,-0.2821343134930183
2.1,4,0.025651874873722225,39,90871.78926114689,0,-0.28158262174631554
2.1,4,0.02853846807763949,39,90836.0875743423,0,-0.2839818082753278
2.1,4,0.0279493848946748,40,90897.68421991821,0,-0.2835856708088518
2.1,4,0.02897000466647448,40,90886.4939603819,0,-0.2796367634670711
2.1,4,0.025036217348993528,39,90926.57585298704,0,-0.28404835372937454
2.1,4,0.028522199279098714,40,90949.89722865088,0,-0.2828863594982347
2.1,4,0.02282782599341804,39,90904.76975994615,0,-0.28014038661569973
2.1,4,0.02442782466849147,40,90921.28861149748,0,-0.2808274941874842
2.1,4,0.019958247048714295,40,90859.19736385696,0,-0.2831164396146153
2.1,4,0.02375178502009989,39,90931.99726262607,0,-0.2807057661016221
2.1,4,0.024146316882441177,39,90884.70256198892,0,-0.28624669591280005
2.1,4,0.024011800319792886,39,90840.63583991087,0,-0.2825782601999467
2.1,4,0.027754133934679626,40,90856.4649460676,0,-0.28041220917966503
2.1,4,0.028162311284320563,40,90940.93785719675,0,-0.28379822766093654
2.1,4,0.01851862364715018,40,90838.08672587096,0,-0.2817672302143399
2.1,4,0.02600607811953104,39,90889.8184725685,0,-0.2802396861886627
2.1,4,0.023677085838798906,39,90875.16113003316,0,-0.2856409496604084
2.1,4,0.0241392361525814,39,90879.56112953734,0,-0.28346946038651466
2.1,4,0.025130243135097263,39,90812.52600730682,0,-0.28216400898918303
2.1,4,0.018522679016863997,40,90875.65907339778,0,-0.28190513412182927
2.1,4,0.02838299959501489,39,90955.85983821363,0,-0.2825816658089555
2.1,4,0.028467424205681713,39,90932.04077627143,0,-0.282507116721318
2.1,4,0.028284463403075222,40,90865.4373645081,0,-0.28693938852553
2.1,4,0.022802781133717254,39,90872.96557264247,0,-0.28169612643741293
2.1,4,0.028322303233860868,39,90847.6887932317,0,-0.2845095493570309
2.1,4,0.02861272642142998,39,90832.39637068973,0,-0.28178124565190843
2.1,4,0.026980311538844948,39,90839.58105459076,0,-0.28347099163860445
2.1,4,0.02551707048437235,39,90925.25960403736,0,-0.2820307881964168
2.1,4,0.023863150999371197,39,90865.76712719028,0,-0.2838040493952734
2.1,4,0.019072191296375163,39,90893.72947102197,0,-0.28419578914243737
2.1,4,0.023533075347500265,39,90793.9512357113,0,-0.2853733155357212
2.1,4,0.0230293688258012,40,90905.55026581718,0,-0.28195244232656513
2.1,4,0.022727403124873202,39,90855.94185038698,0,-0.2858588320433322
2.1,4,0.02856403389785367,40,90972.04452635741,0,-0.28059247137275434
2.1,4,0.024429422974289405,39,90826.05160146802,0,-0.2832977613392118
2.1,4,0.0243403250081351,39,90812.3388325207,0,-0.28240207462498157
2.1,4,0.022283064612824255,39,90849.9517709695,0,-0.28707813353224076
2.1,4,0.026384286688358127,40,91010.81246582603,0,-0.28144765667510807
2.1,4,0.024962837141710548,40,90882.7214572828,0,-0.2815116496187433
2.1,4,0.02468747220947476,39,90839.63073947682,0,-0.28515670007015625
2.1,4,0.02849663995221885,39,90895.25267663013,0,-0.28342572269276056
2.1,4,0.026063470699315694,40,90876.92400330087,0,-0.28050296723250145
2.1,4,0.02759505022449371,39,90891.55056303773,0,-0.2823671359173765
2.1,4,0.02386852652168603,40,90836.09710705686,0,-0.2858744168158396
2.1,4,0.024681550235805094,40,90915.15751001405,0,-0.28168627835845017
2.1,4,0.027190974361652298,39,90864.25985825055,0,-0.2822072354308667
2.1,4,0.027212056414855912,39,90910.00782372819,0,-0.2828544946378555
2.1,4,0.02629501850994398,39,90900.39894100834,0,-0.28484159980105117
2.1,4,0.024193668700603688,39,90927.65096999951,0,-0.28280870081183407
2.1,4,0.02851045122146001,40,90877.14687157495,0,-0.2833821115887438
2.1,4,0.02800114685417654,40,90888.73963784167,0,-0.2811044677318022
2.1,4,0.026670783540147625,39,90890.83504515696,0,-0.28054784494820617
2.1,4,0.024459574418209673,39,90830.9061827272,0,-0.28228701557260294
2.1,4,0.02484388024883799,39,90896.6196674807,0,-0.27991715750253987
2.1,4,0.018904039944274142,40,90881.06347256762,0,-0.2819209530626403
2.1,4,0.028399823116366907,39,90844.3441173501,0,-0.28425986549761917
2.1,4,0.017914645579507837,39,90930.22504917324,0,-0.2836295841573513
2.1,4,0.028649329746420982,39,90863.1877123927,0,-0.28301992728319947
2.1,4,0.02855484575258682,40,90813.11189235238,0,-0.28440007271214274
2.1,5,0.008538422652858202,37,96754.1317412044,0,-0.3832123028982797
2.1,5,0.008740440346891365,37,96730.06569490104,0,-0.3813792708544923
2.1,5,0.004688572922615375,37,96790.17637345503,0,-0.38341546514963
2.1,5,0.006773705938242891,37,96748.79127833318,0,-0.3843394553112358
2.1,5,0.008250636721846671,37,96640.55000908584,0,-0.38464831743213135
2.1,5,0.00011745287695497098,37,96770.55246737953,0,-0.38204095937188254
2.1,5,0.004279488919363139,37,96745.14229725367,0,-0.3819293755337674
2.1,5,0.0057576370997614035,37,96813.22197920058,0,-0.3827259656983275
2.1,5,0.005592897494726579,37,96772.10843395855,0,-0.38430430347518785
2.1,5,0.008636190121284137,37,96703.26200824247,0,-0.38509030702177593
2.1,5,0.00484650678184817,37,96780.2525376275,0,-0.3805781970916946
2.1,5,0.002146408756568796,37,96843.37214799302,0,-0.3818588762855928
2.1,5,0.006254206584550559,37,96819.22230639753,0,-0.3840207617786777
2.1,5,0.009472291802172794,37,96745.05498217995,0,-0.38476194031743227
2.1,5,0.005617062511250381,37,96756.50421815651,0,-0.37939467080981015
2.1,5,0.006563177715963597,37,96712.73816588524,0,-0.38297168843681284
2.1,5,0.009822107660238277,37,96835.38403187631,0,-0.3814243534304049
2.1,5,0.004640890819704868,37,96718.75662761054,0,-0.384042339290382
2.1,5,0.006115709951550308,37,96785.02198497936,0,-0.38002413166611104
2.1,5,0.007114676693373401,37,96834.18428589878,0,-0.3817799846882344
2.1,5,0.008086543238583044,37,96759.1637940671,0,-0.38043680478575137
2.1,5,0.006340499485896434,37,96699.8299886722,0,-0.3854791242785649
2.1,5,0.008606422539620517,37,96857.91124507564,0,-0.37978335248437767
2.1,5,0.00465679457572854,37,96738.798350485,0,-0.3822875018712688
2.1,5,0.005226776672376587,37,96753.00619867249,0,-0.3824583291315413
2.1,5,0.006405537601231082,37,96710.86058926335,0,-0.38158607610293216
2.1,5,0.007215615853388702,37,96718.4510921812,0,-0.38488410077033985
2.1,5,0.005232275262853303,37,96733.98800757043,0,-0.3816149946320344
2.1,5,0.0061593142541118695,37,96697.61413582225,0,-0.38562271314749896
2.1,5,0.006415100474304936,37,96789.5390260987,0,-0.3855599453218075
2.1,5,0.010965001026238763,37,96775.86177420926,0,-0.3828336755119699
2.1,5,0.005091865925153538,37,96772.68799217037,0,-0.3833999259621266
2.1,5,0.008926616798565323,37,96722.32212544467,0,-0.3834978083618936
2.1,5,0.010580211764910086,37,96795.80972564312,0,-0.382124458016025
2.1,5,0.008013668802103524,37,96777.25064093589,0,-0.3839007741093956
2.1,5,0.005036264898789611,37,96733.28314353518,0,-0.38368801984294354
2.1,5,0.007105043528429,37,96786.15102060174,0,-0.38533914607796826
2.1,5,0.007415452077403462,37,96694.71754925333,0,-0.38422175539958037
2.1,5,0.012948518561676003,37,96830.26217065548,0,-0.3838246398641738
2.1,5,0.00893518640840174,37,96779.06848841494,0,-0.38763550591520235
2.1,5,0.0004006378721461701,37,96845.95997042529,0,-0.3810535663017791
2.1,5,0.007378955569329548,37,96729.79937830617,0,-0.3871478259118748
2.1,5,0.005467855334504446,37,96771.63794697297,0,-0.38128140121459864
2.1,5,0.006716285024655377,37,96758.1038040223,0,-0.38431096969447265
2.1,5,0.007244208645052819,37,96750.21696603164,0,-0.3813657885662547
2.1,5,0.008995948336209647,37,96864.39330579739,0,-0.37953774927814976
2.1,5,0.0055381219626413625,37,96728.7206812087,0,-0.3826506526952167
2.1,5,0.004242680329414661,37,96691.75194069043,0,-0.3793434560883002
2.1,5,0.0077586131776818945,37,96841.10819578395,0,-0.3835204808838355
2.1,5,0.005001647073927806,37,96733.43232282737,0,-0.38613049816914957
2.1,5,0.007408975587657185,37,96694.6119989028,0,-0.38270512383934663
2.1,5,0.007950207659240593,37,96721.11570579365,0,-0.3876237706242074
2.1,5,0.005193194065605589,37,96764.69701489381,0,-0.3835161673671972
2.1,5,0.006046384259995818,37,96811.5566463169,0,-0.38365676428826956
2.1,5,0.00701973257625399,37,96730.92012868129,0,-0.38294815041642916
2.1,5,0.007086398968789265,37,96816.42637498723,0,-0.3851240024400664
2.1,5,0.00698594295342625,37,96841.68203009352,0,-0.38003768485619305
2.1,5,0.008010896431786207,37,96678.42755207287,0,-0.3829608192045879
2.1,5,0.0075761717838580545,37,96822.81418830765,0,-0.3812887458032863
2.1,5,0.0059100543773422665,37,96774.97529990379,0,-0.38284125244023537
2.1,5,0.009719742313202051,37,96760.48999150621,0,-0.3814992672427686
2.1,5,0.011547389504173555,42,96744.5715499551,0,-0.3789637236056054
2.1,5,0.007567413328323447,37,96720.22487633032,0,-0.3833185096697689
2.1,5,0.00019916592675084388,37,96726.33371383998,0,-0.385962410330454
2.1,5,0.0017560253803683423,37,96690.39058880604,0,-0.3812322744643293
2.1,5,0.005461576559282921,37,96756.56027058462,0,-0.3851727795279565
2.1,5,0.008232568274928465,37,96705.68815260172,0,-0.3835690115074788
2.1,5,0.0071757106405585525,37,96861.49929982539,0,-0.38209745436402587
2.1,5,0.002050992359123427,37,96832.56788213119,0,-0.38496191524943635
2.1,5,0.00811221949022567,37,96729.16586360514,0,-0.38257191043614713
2.1,5,0.007539309299997576,37,96763.83108311053,0,-0.38703312331572026
2.1,5,0.006205533228081261,37,96800.39616622473,0,-0.3834923720068646
2.1,5,0.00767740694528829,42,96805.79732719829,0,-0.3801083013874289
2.1,5,0.004385612585344312,37,96734.8380952173,0,-0.3814819780888743
2.1,5,0.00677541111507729,37,96722.93523804565,0,-0.38431128870074427
2.1,5,0.008011772991434185,37,96744.69422621514,0,-0.3859081664152628
2.1,5,0.0016860018311772862,37,96774.32457165085,0,-0.3840945306089023
2.1,5,0.004308069034341777,37,96812.32783410579,0,-0.38354375796990636
2.1,5,0.005409077295247755,37,96750.08370987196,0,-0.3825962357582997
2.1,5,0.0048913725052077694,37,96728.13328552102,0,-0.381973061483166
2.1,5,0.007354927397700273,37,96796.6219273742,0,-0.38279852714502227
2.1,5,0.006647874619456928,37,96768.99972951697,0,-0.3814631158375008
2.1,5,0.004503000833265602,37,96805.32174279357,0,-0.3847424363940952
2.1,5,0.005541142076432415,37,96810.89026213676,0,-0.383632402506654
2.1,5,0.007689578338821335,37,96733.5739237518,0,-0.38081914090829816
2.1,5,0.009344929926456746,42,96738.24282058034,0,-0.3828968703474882
2.1,5,0.007059600372620878,37,96725.1929114409,0,-0.3804015860078571
2.1,5,0.011330109121509224,37,96734.32863442677,0,-0.38135360766571247
2.1,5,0.007649200610170492,37,96774.4139170181,0,-0.3822090066289563
2.1,5,0.009229778900757601,37,96776.38217040236,0,-0.3837660095808477
2.1,5,0.006721873209117657,37,96772.53417835194,0,-0.3800693144866072
2.1,5,0.003319464873775324,37,96728.0501633616,0,-0.38707243290179205
2.1,5,0.006872342408446919,37,96746.07765523133,0,-0.38670140304105605
2.1,5,0.006268200175036487,37,96773.70745292438,0,-0.3833313560866767
2.1,5,0.0026493910027429735,37,96773.61668024288,0,-0.3830602727006214
2.1,5,0.008653605574587164,37,96648.90633602843,0,-0.38103972124325947
2.1,5,0.006047741422376518,37,96743.33694822853,0,-0.38235176358528733
2.1,5,0.0050055779018181035,37,96702.17250389035,0,-0.38613386147406414
2.1,5,0.00836360122442148,37,96775.46041626122,0,-0.38354977872145657
2.1,5,0.009409149369773218,42,96729.17713798357,0,-0.38723020138861286
2.1,5,0.0005043461825389173,37,96737.77615466826,0,-0.3851861909733205
2.1,5,0.005475183522082094,37,96729.99225085281,0,-0.38363986519094695
2.1,5,0.008003160670001286,37,96728.84110719377,0,-0.38381614370010664
2.1,5,0.008616081640079987,37,96754.83839249279,0,-0.38210832078795565
2.1,5,0.007035963571122128,37,96717.35614212642,0,-0.38027083495521286
2.1,5,0.010266459579007847,37,96680.74023477928,0,-0.38346289278013557
2.1,5,0.0037232798690118862,37,96781.98026611294,0,-0.3841129283054181
2.1,5,0.005531878701298787,37,96788.13409288002,0,-0.38097297924620155
2.1,5,0.006333563570388723,37,96672.34743116974,0,-0.3818937155014399
2.1,5,0.009820584336707405,37,96714.43489072332,0,-0.3851477802711982
2.1,5,0.008011216987510839,37,96740.98809012759,0,-0.38055207043222716
2.1,5,0.00016623050718900245,37,96761.63614819651,0,-0.38445713792377734
2.1,5,0.010587009822671689,37,96799.6048414244,0,-0.3810558488867479
2.1,5,0.009041433573372615,37,96727.48788922543,0,-0.383714535029845
2.1,5,0.005738079562622289,37,96716.02886849393,0,-0.38243466744695387
2.1,5,0.00784956661839642,37,96778.62561985114,0,-0.38339182952379347
2.1,5,0.0074015176164610175,37,96803.6949678622,0,-0.38063604703858456
2.1,5,0.01079115463761715,37,96837.9721457382,0,-0.382072320396567
2.1,5,0.004283539685603799,37,96770.05603896867,0,-0.3807423467344184
2.1,5,0.002946503342238227,37,96719.61760145897,0,-0.3848771072271393
2.1,5,0.01081978691870411,37,96768.60150138415,0,-0.3843264793652812
2.1,5,0.0038370973816217457,37,96724.37060584279,0,-0.38410243871570615
2.1,5,0.007779328139482011,37,96752.55255906172,0,-0.3835235067417273
2.1,5,0.009638492064672821,37,96725.98267883553,0,-0.38126699211459725
2.1,5,0.004667748331101507,37,96709.19776176156,0,-0.38119263218680133
2.1,5,0.007126681681373981,37,96699.9284019375,0,-0.38105175430054894
2.1,5,0.0037309114201362625,37,96728.3426279895,0,-0.385258704462351
2.1,5,0.0074104025288352915,37,96733.30772407509,0,-0.38363393149999103
2.1,5,0.010446409351602792,37,96817.62042508762,0,-0.385127302974827
2.1,5,0.008237716267079254,37,96760.97808707322,0,-0.382607968118442
2.1,5,0.007588647872493581,37,96766.55104944624,0,-0.3860884136553415
2.1,5,0.004479057969114297,37,96751.25096732072,0,-0.38330180869557307
2.1,5,0.008813635435768852,42,96836.40960918379,0,-0.3818468547061131
2.1,5,0.005238689073649994,37,96755.88091253542,0,-0.3851621946627104
2.1,5,0.009831608522479218,37,96786.5502457674,0,-0.38238376644589
2.1,5,0.004756192917294122,37,96855.4415264403,0,-0.3863206370844372
2.1,5,0.013459417247396743,42,96753.89379407009,0,-0.3813773628342563
2.1,5,0.0031350597462647123,37,96780.1978437987,0,-0.3792477736621056
2.1,5,0.006692734776362563,37,96720.15915731635,0,-0.3832864918741552
2.1,5,0.005375389284349552,37,96759.35171352608,0,-0.38320924045267546
2.1,5,0.006887846590262647,37,96794.4363123213,0,-0.38081864550580846
2.1,5,0.008319343143829983,37,96775.04546638775,0,-0.3848666053072112
2.1,5,0.00780253218940663,37,96781.64149482551,0,-0.38277913329596625
2.1,5,0.0016564048182301505,37,96849.72284561196,0,-0.3792629653488915
2.1,5,0.009961662666777116,37,96764.61070665164,0,-0.3827864022539027
2.1,5,0.0069721143985446155,37,96670.78644996352,0,-0.3824175167187107
2.1,5,0.007526022681948241,37,96734.69721320635,0,-0.3855197180981149
2.1,5,0.005458897367017546,37,96728.21236937528,0,-0.38447090298180786
2.1,5,0.004079830306530585,37,96756.43138202702,0,-0.38616764934187686
2.1,5,0.004850862019504465,37,96762.2790681379,0,-0.38193876382042813
2.1,5,0.00825312603820283,37,96776.4582818595,0,-0.3845512801752513
2.1,5,0.004552781961414176,37,96754.21965705446,0,-0.38210911071644027
2.1,5,0.009141058722418993,37,96768.74372159793,0,-0.381102472614522
2.1,5,0.00726344214142971,37,96770.24670393596,0,-0.38617103070542647
2.1,5,0.005537536789847142,37,96723.11780456542,0,-0.382316971760867
2.1,5,0.010197908874057582,37,96814.08648314861,0,-0.3861825176078659
2.1,5,0.010169015674004633,37,96721.92536363089,0,-0.3815430319843731
2.1,5,0.00902785322795463,37,96805.29613803005,0,-0.3839662741156922
2.1,5,0.006228989636777982,37,96737.11374802014,0,-0.3841232735743114
2.1,5,0.0009029858367224364,37,96734.23383748437,0,-0.38184799611233444
2.1,5,0.0077605448701678625,37,96708.24469142978,0,-0.38206804702252684
2.1,5,0.01080734683505824,42,96692.44948324174,0,-0.38273870458388903
2.1,5,0.009180463580212628,37,96731.60339554421,0,-0.3831304799838846
2.1,5,0.0071712655212006204,37,96798.65491077468,0,-0.3821334080627534
2.1,5,0.013136668006466845,37,96715.52344698788,0,-0.3826143084753293
2.1,5,0.008126791156241708,37,96750.64473414725,0,-0.3824327329911619
2.1,5,0.008556697222406484,37,96672.31564667274,0,-0.38332590720322646
2.1,5,0.010391633575018933,42,96754.77425949,0,-0.38201095135433927
2.1,5,0.007417516674582014,37,96782.09552269448,0,-0.3843061038501918
2.1,5,0.007818076948054475,37,96666.76909602631,0,-0.3820481068050179
2.1,5,0.012632704557691277,37,96779.76186820098,0,-0.3857733945257973
2.1,5,0.006291289445433446,37,96749.9299475263,0,-0.3824928282533533
2.1,5,0.01142944744895491,42,96784.92882637726,0,-0.38413911736409845
2.1,5,0.0038055007692849863,37,96634.62014494323,0,-0.386201140791389
2.1,5,0.010725249843141604,37,96755.1495243315,0,-0.38303678841553457
2.1,5,0.01238714096743676,37,96841.97765412067,0,-0.38496527338469066
2.1,5,0.009510421815777104,37,96744.69809420557,0,-0.38513490627651925
2.1,5,0.004655315527373638,37,96731.41990898132,0,-0.38415005109314726
2.1,5,0.007465351816270616,37,96779.79805411007,0,-0.38769860418273705
2.1,5,0.010970260528023967,37,96796.60232823448,0,-0.38423602326836837
2.1,5,0.0029870330571855064,37,96664.82990763849,0,-0.3827210985307785
2.1,5,0.004543523530588178,37,96696.22969656692,0,-0.38372633968223857
2.1,5,0.00751586569737972,37,96776.60799156826,0,-0.3799241492139309
2.1,5,0.006977730687195205,37,96711.99256366798,0,-0.38066780168403436
2.1,5,0.0031783995528336106,37,96688.65815744366,0,-0.38207801758309823
2.1,5,0.009840200129434873,42,96738.57747107372,0,-0.38192500663706275
2.1,5,0.01008423293226679,37,96733.95448909802,0,-0.38086896590786723
2.1,5,0.011552703337497139,37,96693.88467568341,0,-0.38430784406793284
2.1,5,0.007988722081150534,37,96764.86242585948,0,-0.3839737091812394
2.1,5,0.0019529439781638125,37,96755.06623533771,0,-0.3824009901072014
2.1,5,0.0021555606459955357,37,96680.5843523859,0,-0.38225256678581876
2.1,5,0.010104727771303335,37,96818.00200760699,0,-0.3817358155220476
2.1,5,0.0048731134838573276,37,96693.01975361611,0,-0.38789447307005864
2.1,5,0.007169061969889867,37,96810.88719445925,0,-0.38044359622231383
2.1,5,0.008957620547657807,37,96715.5105500999,0,-0.38382359359550655
2.1,5,0.010571450082668576,42,96741.89376607495,0,-0.38326126581640074
2.1,5,0.008542471453706124,37,96747.10587914931,0,-0.384199119188932
2.1,5,0.010431370130861595,37,96712.27878776322,0,-0.38013051316826574
2.1,5,0.009894764089871,37,96732.36610264707,0,-0.3842570651398387
2.1,5,0.0009914740525585053,37,96753.23390563838,0,-0.38154747801151667
